Équipe,Ligue,Last_5_FT_Goals,Last_5_MT_Goals,Form_Score,Form_Last_5_Str,Prochain_Match,FT Marque_Record,FT Marque_Annee_Record,FT Marque_EnCours,FT CS_Record,FT CS_Annee_Record,FT CS_EnCours,FT No CS_Record,FT No CS_Annee_Record,FT No CS_EnCours,FT -0.5_Record,FT -0.5_Annee_Record,FT -0.5_EnCours,FT +1.5_Record,FT +1.5_Annee_Record,FT +1.5_EnCours,FT -1.5_Record,FT -1.5_Annee_Record,FT -1.5_EnCours,FT +2.5_Record,FT +2.5_Annee_Record,FT +2.5_EnCours,FT -2.5_Record,FT -2.5_Annee_Record,FT -2.5_EnCours,FT +3.5_Record,FT +3.5_Annee_Record,FT +3.5_EnCours,FT -3.5_Record,FT -3.5_Annee_Record,FT -3.5_EnCours,FT Nuls_Record,FT Nuls_Annee_Record,FT Nuls_EnCours,MT +0.5_Record,MT +0.5_Annee_Record,MT +0.5_EnCours,MT -0.5_Record,MT -0.5_Annee_Record,MT -0.5_EnCours,MT +1.5_Record,MT +1.5_Annee_Record,MT +1.5_EnCours,MT -1.5_Record,MT -1.5_Annee_Record,MT -1.5_EnCours
Augsburg,Bundesliga,"4, 2, 6, 1, 5","1, 0, 4, 1, 4",-5.4,"D, D, D, N, V",N/A,11,2022,1,6,2025,0,26,2024,14,2,2025,0,19,2023,1,3,2025,0,9,2025,1,4,2025,0,5,2024,1,12,2025,0,3,2025,0,11,2024,3,4,2025,0,6,2023,1,17,2020,0
Bayern Munich,Bundesliga,"3, 3, 3, 3, 4","2, 1, 0, 3, 2",17.4,"N, V, V, V, V",N/A,87,2022,22,5,2024,0,11,2021,1,1,2025,0,25,2024,22,2,2024,0,15,2023,11,4,2023,0,7,2020,1,5,2024,0,3,2023,1,36,2021,2,2,2025,0,8,2022,2,5,2024,0
Dortmund,Bundesliga,"2, 3, 1, 1, 2","2, 1, 0, 1, 0",9.8,"N, V, V, D, N",N/A,37,2021,18,4,2025,0,12,2021,1,1,2024,0,35,2021,1,2,2025,0,13,2020,0,4,2025,3,7,2025,0,9,2025,9,3,2024,1,14,2022,0,4,2021,1,6,2022,0,7,2022,4
Ein Frankfurt,Bundesliga,"3, 4, 2, 2, 1","2, 3, 1, 1, 0",11.8,"V, N, V, N, D",N/A,23,2021,4,3,2025,1,17,2020,0,2,2022,0,54,2021,0,2,2022,1,9,2025,0,7,2023,3,7,2025,0,12,2021,3,5,2021,0,13,2025,0,2,2024,1,9,2025,0,8,2023,3
FC Koln,Bundesliga,"1, 2, 1, 5, 4","1, 0, 0, 1, 1",2.600000000000001,"D, V, D, N, V",N/A,21,2020,2,3,2024,0,21,2020,4,2,2023,0,18,2020,2,3,2025,0,12,2020,2,8,2024,0,5,2020,2,13,2025,0,3,2023,0,26,2019,2,4,2025,0,4,2020,0,9,2019,5
Freiburg,Bundesliga,"0, 4, 2, 0, 3","0, 3, 1, 0, 1",6.6000000000000005,"V, N, D, N, N",N/A,14,2025,1,6,2025,0,12,2019,1,2,2025,0,24,2021,1,3,2025,0,11,2024,1,4,2023,0,5,2025,0,11,2021,3,3,2025,0,14,2024,1,4,2023,0,4,2024,0,9,2023,3
Hamburg,Bundesliga,"4, 3, 1, 5, 2","2, 1, 1, 1, 0",-2.6000000000000005,"N, D, D, D, V",N/A,30,2024,2,3,2025,0,11,2020,4,2,2018,0,15,2021,2,3,2018,0,7,2025,0,4,2022,1,4,2024,0,8,2023,1,3,2021,1,15,2022,0,3,2020,1,5,2021,0,9,2019,4
Heidenheim,Bundesliga,"1, 4, 4, 2, 6","0, 0, 2, 1, 5",-4.2,"D, N, D, N, D",N/A,18,2019,0,4,2023,0,12,2022,11,1,2025,0,11,2025,4,3,2020,0,8,2019,1,4,2024,0,6,2019,1,8,2019,0,4,2024,0,19,2025,3,5,2021,0,3,2020,1,12,2020,0
Hoffenheim,Bundesliga,"1, 3, 4, 5, 4","1, 0, 2, 2, 3",19.8,"V, V, V, V, D",N/A,20,2023,4,3,2021,0,27,2024,3,2,2021,0,25,2024,4,3,2023,0,9,2025,4,5,2025,0,6,2025,3,10,2022,0,6,2018,0,21,2019,3,2,2025,0,8,2023,3,9,2018,0
Leverkusen,Bundesliga,"2, 7, 2, 3, 6","1, 4, 1, 3, 5",15.0,"V, D, V, V, V",N/A,23,2024,1,3,2025,1,11,2022,0,2,2025,0,20,2023,15,2,2025,0,14,2023,2,6,2020,0,4,2024,1,9,2021,0,3,2024,0,18,2023,6,3,2019,0,10,2024,2,6,2024,0
M'gladbach,Bundesliga,"0, 4, 3, 4, 4","0, 3, 0, 2, 1",11.8,"V, V, D, D, N",N/A,19,2021,2,3,2019,0,13,2022,1,1,2025,0,27,2022,4,3,2025,0,13,2024,4,4,2025,0,5,2021,2,11,2019,0,3,2024,0,13,2021,2,4,2023,0,5,2023,0,10,2023,1
Mainz,Bundesliga,"4, 7, 3, 2, 1","2, 4, 2, 1, 0",-5.0,"D, N, D, D, D",N/A,15,2023,0,3,2025,0,21,2025,21,1,2025,0,21,2023,0,4,2018,1,8,2019,0,11,2024,2,4,2020,0,11,2024,3,3,2024,0,19,2020,0,3,2020,1,7,2019,0,14,2022,2
RB Leipzig,Bundesliga,"2, 3, 6, 4, 4","2, 1, 4, 1, 3",10.2,"D, V, V, V, N",N/A,19,2020,9,5,2024,0,11,2022,2,2,2024,0,22,2023,5,3,2021,0,10,2020,4,4,2021,0,5,2019,3,10,2023,0,3,2025,0,13,2022,8,4,2021,0,4,2022,1,6,2023,0
St Pauli,Bundesliga,"1, 3, 2, 4, 3","1, 0, 1, 2, 1",-9.0,"D, D, D, D, D",N/A,15,2023,1,3,2023,0,22,2021,8,3,2023,0,20,2022,4,3,2025,0,8,2022,2,7,2025,0,3,2021,0,14,2025,1,4,2023,0,13,2020,3,5,2023,0,4,2021,0,8,2024,1
Stuttgart,Bundesliga,"1, 3, 3, 4, 5","0, 1, 2, 1, 4",12.6,"V, D, V, V, V",N/A,22,2024,13,3,2020,0,17,2019,3,1,2024,0,26,2024,4,2,2025,0,6,2024,4,5,2022,0,6,2024,2,9,2023,0,4,2020,0,16,2020,4,5,2020,0,6,2024,1,6,2024,0
Union Berlin,Bundesliga,"2, 4, 1, 0, 4","1, 3, 0, 0, 2",3.8000000000000007,"N, N, D, V, D",N/A,17,2021,1,2,2025,0,14,2023,1,2,2018,0,21,2020,1,3,2024,0,7,2025,1,8,2024,0,4,2023,1,15,2023,0,4,2025,2,10,2019,1,4,2024,0,3,2022,1,9,2024,0
Werder Bremen,Bundesliga,"1, 4, 1, 2, 3","1, 0, 0, 1, 1",11.8,"V, N, V, N, V",N/A,29,2022,5,3,2021,0,18,2019,2,1,2025,0,22,2022,2,3,2020,0,11,2023,1,6,2020,0,4,2025,0,9,2024,3,5,2020,0,18,2019,2,4,2023,0,4,2025,0,8,2023,5
Wolfsburg,Bundesliga,"4, 3, 1, 5, 3","1, 1, 1, 2, 1",-3.0000000000000004,"D, D, V, D, D",N/A,12,2025,3,7,2021,0,12,2025,2,1,2025,0,19,2019,2,3,2025,0,7,2023,2,7,2019,0,4,2024,0,12,2019,1,4,2024,0,26,2024,10,4,2025,0,6,2020,0,10,2025,1
Bielefeld,Bundesliga 2,"3, 7, 2, 4, 4","2, 3, 2, 3, 1",13.0,"V, N, V, D, D",N/A,27,2019,12,3,2021,1,23,2022,0,1,2021,0,24,2025,24,5,2021,0,8,2023,2,6,2021,0,7,2023,2,10,2021,0,3,2021,0,9,2019,7,6,2021,0,5,2019,0,10,2021,1
Bochum,Bundesliga 2,"5, 5, 2, 2, 2","2, 2, 0, 1, 1",15.4,"V, V, N, V, D",N/A,15,2019,5,3,2020,2,29,2024,0,1,2025,0,18,2021,5,3,2022,0,7,2024,0,7,2025,3,6,2024,0,10,2021,3,3,2023,0,15,2021,2,4,2019,0,8,2022,0,7,2022,3
Braunschweig,Bundesliga 2,"3, 3, 3, 3, 2","1, 2, 2, 3, 1",-5.800000000000001,"D, D, D, V, D",N/A,10,2023,0,4,2021,0,16,2022,11,2,2021,0,12,2025,11,3,2021,0,8,2020,0,7,2021,1,4,2024,0,10,2025,5,2,2025,0,15,2024,8,5,2022,0,6,2023,0,8,2022,1
Darmstadt,Bundesliga 2,"2, 0, 1, 4, 5","0, 0, 1, 3, 3",7.4,"V, N, D, N, N",N/A,21,2023,2,2,2025,0,17,2024,3,1,2025,0,18,2021,2,2,2025,0,9,2023,2,6,2023,0,5,2023,2,10,2023,0,5,2020,0,16,2021,3,4,2019,0,7,2024,2,9,2025,0
Dresden,Bundesliga 2,"6, 4, 3, 2, 3","3, 1, 2, 2, 2",-6.2,"D, D, D, N, N",N/A,6,2021,1,2,2020,0,16,2025,16,2,2019,0,8,2025,8,3,2019,0,4,2019,1,4,2019,0,2,2025,0,10,2021,3,4,2022,0,8,2025,8,3,2022,0,3,2025,3,12,2021,0
Elversberg,Bundesliga 2,"4, 6, 2, 4, 1","2, 1, 2, 2, 1",1.4000000000000004,"D, N, D, V, V",N/A,8,2025,0,4,2025,0,17,2024,3,1,2025,0,10,2023,0,2,2025,1,5,2025,0,3,2025,1,3,2024,0,9,2023,1,2,2025,0,10,2023,5,2,2025,0,6,2023,0,5,2025,1
Fortuna Dusseldorf,Bundesliga 2,"5, 3, 1, 2, 1","1, 2, 0, 0, 0",-5.8,"D, N, D, D, D",N/A,22,2025,0,3,2024,0,17,2022,5,1,2025,0,24,2019,0,2,2023,1,9,2019,0,4,2024,3,4,2025,0,7,2022,4,4,2020,0,16,2024,0,3,2025,3,7,2019,0,9,2021,3
Greuther Furth,Bundesliga 2,"4, 6, 5, 3, 1","2, 1, 2, 1, 0",1.7999999999999996,"V, D, D, D, N",N/A,26,2023,3,5,2023,1,22,2025,0,2,2022,0,17,2023,0,3,2025,1,8,2021,0,6,2025,1,5,2021,0,8,2023,2,3,2022,0,12,2023,0,5,2019,1,5,2024,0,9,2024,2
Hannover,Bundesliga 2,"4, 3, 3, 4, 5","2, 2, 2, 2, 3",2.1999999999999993,"D, N, V, D, N",N/A,15,2022,3,3,2024,0,18,2019,2,1,2025,0,14,2020,11,3,2025,0,12,2023,10,6,2022,0,4,2023,2,9,2019,0,5,2025,0,12,2023,7,3,2024,0,6,2023,5,9,2025,0
Hertha,Bundesliga 2,"3, 5, 1, 2, 1","1, 2, 0, 2, 1",16.6,"V, V, V, D, V",N/A,13,2024,6,3,2025,3,15,2023,0,2,2025,0,27,2024,0,3,2019,1,10,2019,0,5,2021,3,5,2024,0,12,2025,3,4,2022,0,16,2024,2,6,2020,0,7,2024,0,11,2021,1
Holstein Kiel,Bundesliga 2,"2, 2, 2, 3, 1","0, 1, 0, 1, 0",5.8,"V, D, N, N, N",N/A,24,2024,5,6,2024,1,14,2025,0,1,2023,0,23,2022,0,2,2022,1,11,2021,0,4,2025,1,9,2025,0,16,2019,14,3,2025,0,42,2025,0,3,2018,1,7,2024,0,6,2025,6
Kaiserslautern,Bundesliga 2,"5, 5, 2, 2, 1","2, 1, 1, 0, 1",2.6000000000000005,"D, N, N, V, V",N/A,17,2024,0,2,2025,0,28,2024,7,1,2025,0,40,2024,0,2,2025,1,6,2024,0,4,2023,3,5,2023,0,6,2025,3,6,2022,0,18,2024,1,4,2023,0,7,2023,0,9,2023,4
Karlsruhe,Bundesliga 2,"6, 5, 5, 3, 4","3, 1, 2, 0, 1",4.6,"D, V, V, D, N",N/A,18,2025,0,3,2025,0,16,2020,5,2,2021,0,36,2022,5,4,2021,0,11,2024,5,7,2020,0,5,2023,1,9,2022,0,7,2019,0,23,2024,1,4,2021,0,5,2021,0,7,2025,2
Magdeburg,Bundesliga 2,"4, 0, 2, 2, 1","2, 0, 0, 1, 1",-0.6000000000000001,"D, D, V, N, D",N/A,13,2025,0,2,2025,0,16,2022,2,1,2025,0,13,2025,0,2,2024,1,10,2024,0,5,2019,4,3,2024,0,9,2019,4,3,2018,0,11,2022,2,3,2022,0,6,2024,0,9,2023,4
Nurnberg,Bundesliga 2,"5, 2, 2, 3, 3","1, 1, 1, 3, 2",11.4,"V, V, N, N, V",N/A,13,2023,5,3,2022,0,15,2019,8,2,2022,0,16,2022,8,3,2023,0,9,2025,2,5,2019,0,3,2025,0,14,2019,4,4,2020,0,17,2022,6,4,2022,0,4,2020,2,14,2019,0
Paderborn,Bundesliga 2,"3, 7, 3, 3, 1","1, 3, 2, 1, 1",17.8,"V, V, V, V, V",N/A,16,2023,8,4,2025,1,17,2023,0,1,2025,0,20,2019,0,2,2025,1,8,2023,0,5,2025,1,5,2023,0,12,2025,3,3,2024,0,16,2019,5,3,2024,0,5,2023,0,8,2025,2
Preußen Münster,Bundesliga 2,"3, 4, 2, 3, 1","1, 1, 0, 1, 0",-0.9999999999999999,"D, V, D, N, D",N/A,15,2025,0,2,2025,0,13,2025,13,1,2024,0,17,2025,0,3,2025,1,7,2025,0,8,2025,1,2,2025,0,10,2025,3,2,2024,0,17,2025,0,3,2025,1,2,2025,0,6,2025,6
Schalke 04,Bundesliga 2,"3, 3, 1, 3, 1","2, 2, 1, 0, 1",13.4,"V, D, V, V, V",N/A,24,2022,7,4,2023,1,26,2021,0,4,2023,0,24,2022,0,4,2023,1,12,2022,0,6,2018,1,5,2023,0,16,2025,16,4,2023,0,12,2023,1,4,2023,0,4,2023,0,11,2018,3
Birmingham,Championship,"1, 1, 4, 4, 3","1, 1, 1, 2, 3",9.799999999999999,"D, V, V, D, V",N/A,12,2018,3,5,2025,0,18,2020,1,1,2025,0,16,2022,3,3,2024,0,9,2022,3,7,2020,0,4,2018,0,22,2023,1,4,2020,0,9,2025,9,6,2020,0,4,2018,2,11,2020,0
Blackburn,Championship,"4, 3, 2, 1, 3","1, 1, 1, 1, 2",8.200000000000001,"D, V, V, V, D",N/A,11,2018,5,5,2024,0,15,2024,1,1,2024,0,16,2024,1,4,2024,0,7,2024,1,13,2022,0,5,2020,0,18,2025,4,4,2023,0,13,2022,5,5,2025,0,5,2020,1,15,2024,0
Bristol City,Championship,"4, 1, 6, 1, 2","2, 1, 3, 1, 2",1.0000000000000002,"N, D, D, V, V",N/A,16,2019,1,4,2024,0,17,2020,3,1,2025,0,15,2022,1,3,2024,0,13,2022,0,10,2023,2,4,2025,0,15,2025,2,3,2024,1,26,2022,5,5,2023,0,5,2022,1,23,2023,0
Charlton,Championship,"3, 2, 2, 1, 1","0, 0, 0, 0, 0",5.4,"D, V, N, N, V",N/A,15,2021,0,6,2020,0,21,2024,1,2,2024,0,13,2019,0,5,2020,2,5,2025,0,9,2024,4,4,2023,0,23,2019,11,3,2024,0,15,2018,0,5,2025,5,5,2021,0,10,2024,5
Coventry,Championship,"3, 4, 5, 4, 1","1, 3, 1, 1, 0",14.600000000000001,"V, V, D, V, V",N/A,17,2024,9,5,2025,1,12,2022,0,2,2021,0,14,2024,0,6,2022,1,10,2024,0,7,2022,1,3,2025,0,24,2019,1,4,2023,0,10,2024,0,5,2018,1,6,2024,0,18,2022,3
Derby,Championship,"1, 1, 4, 3, 3","0, 1, 1, 1, 2",17.400000000000002,"V, V, V, V, V",N/A,18,2020,5,4,2024,0,12,2018,3,2,2022,0,20,2023,3,5,2021,0,6,2023,3,9,2020,0,4,2024,0,17,2020,2,4,2021,0,10,2023,4,4,2025,0,5,2020,1,15,2020,0
Hull,Championship,"3, 2, 2, 3, 5","2, 0, 0, 1, 4",10.2,"V, D, V, N, V",N/A,15,2020,12,4,2020,0,20,2024,2,2,2021,0,22,2019,6,4,2021,0,7,2025,2,7,2018,0,4,2024,1,21,2025,0,4,2024,0,16,2019,2,7,2025,0,5,2023,1,16,2025,0
Ipswich,Championship,"3, 1, 5, 2, 5","0, 0, 2, 2, 1",14.200000000000001,"V, N, V, V, D",N/A,31,2023,4,9,2023,0,23,2025,3,2,2024,0,15,2023,3,4,2022,0,8,2021,1,10,2022,0,4,2023,1,18,2022,0,4,2024,0,15,2023,3,3,2024,0,4,2024,0,13,2019,1
Leicester,Championship,"3, 1, 2, 2, 3","2, 1, 1, 1, 0",2.2,"V, N, D, D, D",N/A,21,2024,2,5,2016,0,27,2025,9,2,2019,0,20,2025,3,4,2016,0,8,2024,1,9,2018,0,4,2024,0,13,2019,6,4,2025,0,14,2024,0,4,2020,1,6,2021,0,10,2019,4
Middlesbrough,Championship,"1, 2, 3, 2, 3","1, 1, 2, 1, 3",5.800000000000001,"V, N, D, N, V",N/A,11,2023,2,5,2018,0,17,2023,4,2,2020,0,17,2023,4,4,2020,0,7,2023,1,10,2018,0,3,2024,0,27,2019,10,3,2024,0,13,2021,7,5,2020,0,5,2021,1,16,2020,0
Millwall,Championship,"2, 1, 4, 4, 2","2, 1, 2, 2, 2",3.4,"N, D, N, V, V",N/A,19,2020,1,5,2022,0,12,2018,3,2,2023,0,17,2018,3,4,2024,0,6,2018,0,14,2024,1,2,2025,0,22,2021,1,5,2020,1,11,2025,11,5,2023,0,4,2023,3,14,2024,0
Norwich,Championship,"1, 3, 2, 2, 3","0, 2, 0, 1, 0",-5.8,"D, N, D, D, D",N/A,30,2019,2,3,2021,0,14,2019,11,2,2021,0,15,2019,4,3,2020,0,8,2019,1,6,2023,0,4,2019,0,13,2021,6,4,2019,0,15,2019,0,4,2015,1,4,2024,0,12,2018,3
Oxford,Championship,"1, 3, 4, 3, 3","1, 2, 2, 2, 0",-3.4000000000000004,"D, D, N, V, D",N/A,16,2021,1,4,2019,0,16,2023,5,2,2021,0,16,2020,4,4,2019,0,10,2021,4,7,2023,0,3,2025,0,14,2022,2,5,2024,0,12,2019,0,5,2019,1,5,2021,0,11,2019,1
Portsmouth,Championship,"3, 1, 4, 0, 5","1, 0, 1, 0, 4",-4.199999999999999,"D, N, D, D, D",N/A,17,2020,1,6,2021,0,13,2019,1,2,2023,0,12,2019,1,4,2021,0,9,2022,1,8,2022,0,4,2022,1,13,2025,0,5,2019,0,8,2025,1,5,2022,0,5,2024,1,11,2021,0
Preston,Championship,"1, 5, 2, 3, 2","1, 3, 1, 1, 2",11.4,"N, V, V, V, D",N/A,11,2018,4,7,2022,0,14,2023,2,3,2022,0,14,2018,4,8,2022,0,7,2020,0,12,2022,1,4,2018,0,18,2020,3,5,2021,1,16,2019,6,5,2025,0,5,2022,1,11,2025,0
QPR,Championship,"1, 1, 5, 3, 0","1, 1, 2, 0, 0",-1.0000000000000002,"N, D, D, D, V",N/A,31,2021,0,4,2024,1,23,2019,0,2,2024,1,24,2019,0,2,2025,1,6,2018,0,10,2021,1,4,2019,0,18,2021,2,3,2024,1,14,2019,0,6,2024,2,5,2024,0,17,2024,2
Sheffield United,Championship,"4, 5, 4, 4, 0","1, 3, 1, 1, 0",-1.0000000000000002,"N, D, D, D, V",N/A,15,2019,0,7,2019,1,22,2024,0,2,2022,1,14,2023,0,5,2021,1,6,2018,0,11,2024,1,5,2024,0,18,2020,1,3,2019,1,11,2024,0,4,2020,1,5,2024,0,13,2021,3
Sheffield Weds,Championship,"1, 3, 0, 2, 4","1, 2, 0, 1, 3",-2.2,"D, N, N, D, D",N/A,14,2023,2,5,2023,0,16,2018,2,2,2019,0,17,2024,2,4,2020,0,6,2025,1,7,2020,0,4,2025,1,27,2021,0,4,2021,0,14,2021,2,4,2020,0,4,2022,1,13,2019,0
Southampton,Championship,"4, 3, 2, 3, 4","2, 1, 1, 0, 3",7.4,"V, V, D, D, D",N/A,31,2024,2,6,2016,0,21,2023,5,2,2021,0,20,2022,5,4,2023,0,11,2025,2,6,2021,0,4,2025,1,12,2016,0,4,2021,0,16,2022,1,4,2021,0,4,2025,1,10,2023,0
Stoke,Championship,"2, 1, 6, 3, 1","2, 0, 3, 2, 0",10.600000000000001,"D, V, V, V, D",N/A,8,2018,0,6,2019,0,13,2018,1,4,2019,0,10,2016,0,5,2019,1,8,2019,0,12,2019,1,4,2016,0,17,2018,2,4,2019,0,13,2022,0,4,2019,1,4,2020,0,14,2018,1
Swansea,Championship,"1, 3, 2, 3, 5","1, 2, 0, 1, 1",-3.4000000000000004,"D, D, N, V, D",N/A,13,2021,4,4,2025,0,12,2023,5,2,2021,0,16,2023,4,5,2024,0,7,2019,2,9,2020,0,4,2019,1,25,2021,0,4,2022,0,10,2025,2,4,2019,0,5,2025,0,14,2021,3
Watford,Championship,"3, 4, 3, 2, 2","2, 3, 2, 2, 2",6.999999999999999,"N, N, V, D, V",N/A,11,2025,5,4,2022,0,20,2022,2,2,2024,0,13,2024,5,5,2020,0,7,2022,0,8,2021,2,3,2020,0,18,2020,3,4,2024,2,11,2022,5,5,2022,0,5,2025,5,12,2019,0
West Brom,Championship,"3, 1, 0, 1, 3","2, 0, 0, 0, 0",2.599999999999999,"V, D, N, D, D",N/A,17,2019,1,3,2024,0,14,2021,2,2,2024,0,18,2025,1,5,2021,0,8,2021,1,9,2025,0,5,2021,0,25,2022,13,6,2024,0,14,2021,0,4,2025,4,6,2021,0,18,2022,4
Wrexham,Championship,"1, 2, 5, 0, 1","1, 1, 1, 0, 0",15.4,"V, N, V, N, V",N/A,23,2023,1,4,2024,2,8,2019,0,1,2025,0,17,2023,0,3,2025,2,9,2023,0,7,2025,2,5,2022,0,11,2025,2,3,2025,0,14,2021,0,5,2025,2,5,2021,0,10,2025,10
AFC Wimbledon,E2,"2, 2, 3, 1, 5","1, 0, 2, 0, 3",-0.6000000000000002,"D, D, V, N, V",N/A,11,2020,0,5,2025,0,17,2018,4,2,2023,0,15,2021,1,6,2023,0,5,2025,1,15,2024,0,4,2024,1,20,2025,0,4,2019,0,14,2022,1,6,2023,0,5,2019,1,15,2025,0
Barnsley,E2,"2, 4, 4, 1, 3","0, 1, 3, 0, 2",2.9999999999999996,"V, D, N, N, D",N/A,21,2024,1,7,2019,0,18,2019,9,2,2019,0,23,2024,1,3,2022,0,8,2025,1,7,2022,0,4,2024,0,18,2020,2,3,2020,0,19,2024,1,3,2020,0,5,2024,1,11,2022,0
Blackpool,E2,"2, 1, 2, 3, 4","1, 0, 1, 2, 0",9.799999999999999,"V, V, N, D, D",N/A,14,2022,3,5,2023,0,13,2025,7,3,2023,0,16,2025,3,8,2024,0,8,2024,2,10,2024,0,5,2023,1,14,2019,0,4,2025,0,11,2024,0,5,2021,1,5,2023,0,20,2023,1
Bolton,E2,"3, 3, 3, 1, 4","3, 1, 1, 0, 2",17.4,"V, V, V, D, V",N/A,16,2021,3,5,2023,2,14,2019,0,2,2020,0,18,2025,1,3,2025,0,7,2025,1,10,2023,0,4,2022,1,17,2021,0,4,2025,0,9,2023,1,5,2019,0,5,2023,1,13,2022,0
Bradford,E2,"4, 4, 2, 0, 3","1, 3, 2, 0, 2",0.6000000000000003,"D, N, N, N, N",N/A,17,2023,1,5,2025,0,12,2019,1,2,2023,0,10,2019,1,5,2025,0,5,2025,1,8,2020,0,4,2025,0,16,2020,3,4,2025,0,14,2019,1,6,2022,0,4,2025,1,14,2023,0
Burton,E2,"3, 1, 1, 4, 3","1, 0, 0, 0, 2",10.6,"V, N, V, D, V",N/A,11,2021,3,4,2022,0,28,2021,2,3,2022,0,15,2021,2,5,2023,0,8,2024,2,7,2023,0,4,2021,0,21,2021,1,4,2024,0,15,2019,1,4,2024,0,5,2021,1,12,2025,0
Cardiff,E2,"1, 7, 3, 1, 4","0, 2, 1, 0, 0",-0.20000000000000018,"D, D, V, V, D",N/A,12,2021,1,5,2025,0,25,2022,5,2,2022,0,19,2025,1,3,2023,0,8,2023,1,8,2023,0,3,2018,1,15,2022,0,4,2022,0,14,2022,0,4,2023,2,4,2023,0,9,2021,3
Doncaster,E2,"2, 4, 3, 2, 3","1, 2, 1, 0, 2",-5.0,"D, N, D, D, N",N/A,24,2024,3,4,2024,0,14,2018,9,2,2018,0,21,2019,5,3,2022,0,8,2024,1,8,2023,0,6,2024,0,13,2025,3,3,2024,0,15,2024,1,5,2025,0,4,2024,1,11,2022,0
Exeter,E2,"1, 2, 1, 2, 2","0, 2, 1, 1, 1",6.6000000000000005,"N, V, D, N, V",N/A,18,2024,2,5,2024,0,15,2025,1,3,2021,0,14,2021,2,4,2019,0,9,2021,0,7,2025,6,4,2023,0,18,2024,13,4,2021,1,14,2020,4,6,2019,0,4,2021,0,10,2025,3
Huddersfield,E2,"1, 3, 3, 3, 4","1, 1, 1, 1, 1",3.0,"V, D, D, D, V",N/A,12,2025,1,3,2022,0,19,2019,4,2,2022,0,18,2019,4,3,2022,0,6,2025,4,10,2018,0,3,2025,1,17,2023,0,3,2024,0,18,2022,5,5,2017,0,3,2024,0,12,2020,6
Leyton Orient,E2,"7, 4, 1, 1, 5","2, 2, 0, 0, 4",4.200000000000001,"D, V, D, V, D",N/A,13,2023,2,6,2024,0,11,2024,1,2,2022,0,14,2021,1,6,2024,0,5,2019,1,10,2022,0,3,2025,1,19,2023,0,4,2023,0,8,2022,1,6,2023,0,5,2019,1,12,2021,0
Lincoln,E2,"1, 1, 1, 0, 3","0, 0, 0, 0, 2",-0.1999999999999993,"D, N, D, V, D",N/A,26,2019,0,4,2024,0,16,2021,1,2,2024,0,13,2021,1,4,2025,0,6,2021,1,10,2019,0,3,2024,0,31,2023,6,4,2023,0,12,2021,1,4,2025,0,4,2022,1,15,2021,0
Luton,E2,"4, 2, 2, 1, 3","1, 0, 1, 0, 2",11.8,"V, V, D, D, N",N/A,18,2024,2,3,2023,2,19,2020,0,1,2025,0,22,2024,1,3,2023,0,12,2019,1,7,2025,0,3,2024,0,16,2021,4,4,2021,0,17,2024,1,4,2023,0,4,2024,1,10,2023,0
Mansfield,E2,"2, 2, 2, 2, 3","1, 1, 1, 1, 1",6.200000000000001,"D, V, N, V, N",N/A,15,2024,8,3,2024,0,13,2025,1,2,2023,0,27,2025,27,3,2024,0,13,2025,1,7,2024,0,5,2025,0,12,2024,10,4,2021,0,18,2024,6,5,2017,0,4,2025,0,18,2021,10
Northampton,E2,"3, 3, 1, 1, 3","1, 1, 0, 0, 1",2.1999999999999997,"V, D, D, V, D",N/A,15,2019,1,5,2022,0,11,2020,5,2,2024,0,15,2020,1,6,2022,0,8,2023,1,9,2025,0,4,2019,0,24,2023,14,4,2018,0,11,2019,1,5,2021,0,4,2024,0,17,2023,10
Peterboro,E2,"3, 3, 1, 3, 5","1, 3, 0, 2, 3",9.0,"V, D, V, D, D",N/A,23,2024,4,4,2023,1,26,2025,0,1,2025,0,21,2024,2,3,2022,0,8,2024,2,5,2019,0,4,2022,1,9,2023,0,3,2025,0,19,2024,2,5,2021,0,6,2024,2,13,2020,0
Plymouth,E2,"2, 3, 2, 2, 4","0, 2, 1, 1, 1",-8.200000000000001,"D, D, D, D, N",N/A,19,2022,1,6,2022,0,13,2025,5,1,2025,0,17,2019,6,3,2022,0,8,2025,1,8,2022,0,3,2025,1,15,2024,0,3,2025,0,18,2020,4,4,2022,0,6,2021,0,15,2019,3
Port Vale,E2,"0, 2, 1, 3, 4","0, 0, 0, 3, 2",-6.2,"D, D, D, N, N",N/A,14,2021,0,5,2021,0,13,2017,4,2,2025,0,8,2021,2,5,2019,0,4,2025,2,7,2024,0,4,2025,1,17,2019,0,4,2019,0,12,2021,2,5,2025,0,4,2025,2,12,2019,0
Reading,E2,"2, 3, 1, 2, 1","2, 1, 0, 0, 1",11.0,"V, N, V, D, N",N/A,22,2024,13,4,2020,1,19,2023,0,2,2019,0,16,2024,0,4,2021,1,11,2021,0,7,2024,3,4,2021,0,19,2023,8,3,2025,0,14,2024,1,4,2022,0,5,2023,0,23,2025,4
Rotherham,E2,"3, 1, 1, 4, 3","1, 0, 0, 0, 2",17.8,"V, N, V, V, V",N/A,17,2020,7,6,2022,1,18,2019,0,2,2023,0,18,2023,2,4,2021,0,11,2019,2,10,2021,0,4,2018,0,19,2022,1,5,2019,0,16,2025,1,5,2024,0,4,2023,1,13,2025,0
Stevenage,E2,"5, 2, 1, 2, 1","2, 0, 0, 2, 1",0.20000000000000062,"D, N, D, V, V",N/A,14,2024,0,6,2021,0,9,2020,3,3,2019,0,11,2019,0,5,2024,1,6,2020,0,7,2023,4,4,2018,0,20,2024,4,4,2019,0,8,2023,2,5,2019,0,3,2024,0,25,2020,1
Stockport,E2,"3, 1, 1, 3, 3","1, 0, 1, 3, 2",12.200000000000001,"D, V, V, V, V",N/A,34,2022,0,5,2022,0,8,2019,1,2,2024,0,16,2025,2,5,2021,0,6,2023,2,8,2023,0,3,2024,0,15,2025,8,3,2024,0,11,2025,3,5,2021,0,5,2024,2,10,2023,0
Wigan,E2,"2, 1, 1, 2, 2","0, 1, 0, 1, 1",5.0,"N, N, V, D, N",N/A,31,2022,3,7,2020,0,15,2023,2,3,2024,0,19,2022,2,4,2019,0,7,2019,0,10,2025,6,3,2023,0,26,2025,6,4,2019,2,12,2023,2,5,2025,0,4,2018,0,15,2023,6
Wycombe,E2,"4, 1, 2, 3, 5","1, 1, 1, 1, 4",17.8,"V, V, N, V, N",N/A,24,2024,9,6,2019,0,11,2021,1,2,2024,0,12,2018,3,5,2025,0,6,2022,2,10,2019,0,5,2017,1,17,2025,0,3,2022,0,17,2022,11,8,2025,0,5,2017,1,13,2025,0
Accrington,E3,"1, 4, 3, 2, 6","1, 1, 1, 1, 3",5.0,"N, N, D, V, D",N/A,24,2018,4,5,2020,0,27,2019,3,2,2025,0,14,2019,4,3,2025,0,8,2024,1,6,2022,0,5,2024,1,13,2025,0,4,2018,2,13,2023,6,3,2020,0,4,2021,1,11,2025,0
Barnet,E3,"2, 2, 1, 4, 4","1, 2, 0, 1, 3",4.200000000000001,"N, N, D, V, V",N/A,22,2023,2,7,2019,0,19,2021,3,2,2023,0,19,2022,2,3,2025,0,7,2023,2,10,2023,0,4,2024,2,19,2019,0,4,2025,2,12,2025,2,3,2022,0,5,2022,1,23,2018,0
Barrow,E3,"0, 0, 3, 4, 4","0, 0, 1, 1, 3",6.6000000000000005,"N, N, V, N, N",N/A,21,2020,3,5,2018,0,12,2024,3,2,2025,0,9,2019,3,4,2023,0,5,2022,3,9,2023,0,3,2022,2,16,2021,0,4,2025,2,11,2024,3,5,2021,0,4,2025,1,17,2019,0
Bristol Rvs,E3,"3, 4, 5, 4, 1","1, 1, 1, 1, 0",-9.0,"D, D, D, D, D",N/A,17,2024,0,4,2022,0,14,2025,9,2,2019,0,17,2023,0,5,2018,1,8,2018,0,7,2024,1,3,2025,0,14,2021,1,2,2024,0,12,2024,0,5,2018,1,4,2023,0,9,2021,5
Bromley,E3,"6, 1, 3, 3, 2","3, 0, 2, 1, 0",12.600000000000001,"V, V, D, V, N",N/A,18,2019,5,4,2024,1,13,2019,0,2,2024,0,14,2020,3,4,2022,0,7,2019,0,9,2024,1,3,2023,0,12,2023,4,4,2024,0,19,2021,0,4,2021,1,4,2025,0,9,2024,2
Cambridge,E3,"4, 2, 3, 2, 0","1, 2, 2, 0, 0",3.8,"N, D, V, D, V",N/A,12,2021,0,3,2024,1,16,2025,0,2,2024,1,12,2022,0,4,2023,1,5,2024,0,8,2024,2,3,2024,0,18,2021,4,3,2025,1,10,2021,0,6,2021,2,4,2024,0,11,2020,2
Cheltenham,E3,"2, 2, 2, 1, 3","0, 0, 1, 0, 2",8.600000000000001,"D, V, V, N, V",N/A,15,2024,6,3,2023,0,21,2025,1,1,2025,0,14,2022,1,5,2022,0,6,2018,1,9,2022,0,4,2022,0,16,2020,5,4,2021,0,12,2018,1,5,2023,0,4,2023,1,12,2025,0
Chesterfield,E3,"8, 2, 2, 2, 6","5, 0, 2, 1, 3",6.6000000000000005,"N, N, N, V, D",N/A,24,2023,8,4,2023,0,16,2018,3,1,2025,0,17,2022,8,5,2018,0,9,2019,1,10,2018,0,5,2019,1,17,2021,0,9,2018,3,12,2024,3,5,2025,0,4,2021,1,14,2021,0
Colchester,E3,"8, 3, 4, 0, 2","5, 2, 4, 0, 0",7.000000000000001,"D, N, V, V, V",N/A,18,2020,0,6,2024,0,14,2022,1,2,2024,0,14,2019,1,5,2021,0,7,2023,0,8,2018,2,3,2018,0,18,2019,2,4,2023,0,10,2025,0,4,2021,2,4,2025,0,14,2022,2
Crawley Town,E3,"4, 2, 1, 4, 3","1, 1, 0, 1, 1",10.200000000000001,"V, V, D, N, D",N/A,21,2019,2,3,2024,0,14,2023,1,2,2019,0,21,2018,2,3,2024,0,7,2018,2,7,2017,0,5,2023,0,15,2019,1,3,2024,0,14,2023,2,6,2017,0,5,2019,0,10,2021,5
Crewe,E3,"3, 1, 4, 5, 4","2, 0, 2, 4, 2",10.600000000000001,"V, V, D, D, V",N/A,18,2020,3,3,2024,0,21,2022,12,1,2025,0,21,2022,3,3,2025,0,10,2018,3,7,2024,0,6,2023,3,22,2023,0,4,2023,0,14,2023,3,4,2024,0,5,2020,3,10,2022,0
Fleetwood Town,E3,"2, 5, 2, 3, 3","0, 2, 2, 1, 1",3.8000000000000003,"D, V, N, V, D",N/A,12,2023,4,4,2023,0,13,2021,9,2,2024,0,13,2025,8,5,2023,0,9,2021,2,8,2023,0,4,2021,0,16,2021,3,5,2022,0,13,2025,4,5,2025,0,4,2025,0,12,2021,2
Gillingham,E3,"5, 2, 1, 3, 1","1, 0, 0, 3, 0",2.5999999999999996,"V, D, D, N, D",N/A,18,2025,2,5,2023,1,10,2025,0,2,2025,0,12,2019,0,5,2023,1,6,2021,0,16,2022,1,3,2022,0,26,2023,4,6,2025,0,16,2021,0,6,2025,1,5,2019,0,16,2023,1
Grimsby,E3,"2, 3, 1, 5, 4","2, 2, 0, 4, 3",3.0,"N, D, V, D, V",N/A,10,2021,6,4,2018,0,18,2023,2,2,2021,0,19,2025,2,3,2024,0,6,2020,2,8,2020,0,4,2025,2,14,2021,0,4,2021,1,10,2021,2,4,2025,0,5,2020,2,14,2018,0
Harrogate,E3,"3, 5, 4, 3, 1","2, 2, 4, 1, 1",-9.0,"D, D, D, D, D",N/A,20,2020,0,4,2020,0,17,2019,5,2,2024,0,19,2019,0,4,2021,1,9,2019,0,6,2025,1,5,2019,0,30,2025,2,4,2023,0,14,2023,6,4,2021,0,5,2022,0,10,2024,2
Milton Keynes Dons,E3,"5, 4, 4, 3, 4","1, 1, 2, 1, 3",7.8,"N, D, V, V, V",N/A,18,2018,9,7,2025,0,11,2024,3,3,2025,0,11,2024,9,6,2025,0,7,2025,7,7,2025,0,4,2024,1,16,2018,0,4,2023,1,12,2024,9,4,2025,0,4,2024,1,9,2025,0
Newport County,E3,"1, 1, 2, 3, 6","1, 1, 1, 1, 5",4.6000000000000005,"D, V, D, V, D",N/A,20,2020,2,6,2019,0,13,2025,1,2,2025,0,24,2023,3,5,2020,0,12,2023,2,11,2019,0,4,2024,1,17,2022,0,4,2024,0,14,2024,8,6,2021,0,4,2025,1,17,2023,0
Notts County,E3,"4, 1, 4, 2, 3","2, 0, 2, 0, 2",15.4,"V, V, N, V, V",N/A,31,2022,7,4,2022,0,12,2025,1,2,2018,0,20,2023,3,6,2021,0,10,2024,1,8,2021,0,7,2018,0,11,2020,2,3,2022,0,18,2023,1,5,2020,0,5,2024,1,14,2017,0
Oldham,E3,"4, 0, 1, 4, 1","2, 0, 1, 0, 1",6.6000000000000005,"V, N, D, N, D",N/A,18,2024,2,4,2024,1,21,2020,0,2,2022,0,14,2019,0,3,2025,1,7,2021,0,6,2025,1,4,2023,0,23,2025,1,4,2024,0,13,2023,1,6,2022,0,5,2018,0,13,2024,4
Salford,E3,"2, 2, 1, 3, 0","2, 0, 1, 3, 0",9.4,"N, V, V, D, D",N/A,14,2025,0,6,2025,1,17,2024,0,2,2023,1,15,2024,0,3,2022,1,7,2025,0,9,2021,1,4,2025,0,28,2021,6,5,2019,1,12,2025,0,4,2022,1,5,2018,0,11,2021,1
Shrewsbury,E3,"0, 2, 1, 4, 4","0, 2, 0, 0, 2",5.4,"D, N, V, V, N",N/A,12,2020,4,4,2022,0,16,2024,2,2,2022,0,11,2021,2,5,2022,0,5,2024,2,10,2021,0,3,2024,2,24,2023,0,4,2022,0,10,2021,1,6,2019,0,3,2023,1,12,2021,0
Swindon,E3,"1, 4, 4, 0, 3","1, 1, 2, 0, 0",8.200000000000001,"V, N, N, D, V",N/A,12,2019,1,3,2022,0,16,2024,1,1,2025,0,14,2024,1,3,2025,0,10,2021,1,6,2018,0,5,2024,0,13,2018,2,4,2025,0,14,2020,0,5,2019,2,5,2025,0,10,2021,2
Tranmere,E3,"2, 5, 2, 2, 3","2, 1, 1, 1, 0",0.6000000000000002,"D, N, N, V, D",N/A,10,2025,4,5,2022,0,15,2025,6,2,2024,0,12,2019,6,8,2021,0,5,2019,1,10,2021,0,3,2025,0,30,2023,3,3,2024,0,10,2023,0,7,2021,1,5,2024,0,20,2021,4
Walsall,E3,"3, 2, 3, 1, 6","1, 1, 1, 0, 5",4.2,"V, D, D, N, V",N/A,12,2025,1,5,2024,0,19,2021,8,2,2021,0,25,2024,1,5,2022,0,8,2024,1,7,2023,0,5,2024,1,22,2021,0,6,2023,0,13,2024,1,4,2021,0,4,2025,1,13,2025,0
Aldershot,EC,"3, 3, 3, 1, 5","1, 2, 3, 1, 2",-9.0,"D, D, D, D, D",N/A,18,2023,1,2,2024,0,19,2021,8,1,2025,0,19,2025,1,3,2021,0,11,2025,1,6,2024,0,8,2025,1,16,2019,0,4,2025,0,14,2025,5,3,2020,0,3,2024,1,10,2019,0
Altrincham,EC,"2, 4, 0, 1, 1","2, 3, 0, 1, 0",13.4,"V, V, N, D, N",N/A,14,2021,2,5,2024,3,23,2023,0,1,2025,0,15,2025,0,3,2025,3,6,2025,0,6,2020,3,4,2022,0,10,2025,3,4,2023,0,21,2025,0,3,2025,1,8,2024,0,7,2021,3
Boreham Wood,EC,"2, 4, 3, 1, 4","0, 2, 1, 1, 1",12.600000000000001,"V, V, D, N, V",N/A,16,2023,13,5,2023,0,16,2024,1,2,2024,0,16,2024,1,5,2022,0,7,2019,1,11,2023,0,3,2024,1,16,2023,0,7,2021,0,10,2024,4,5,2023,0,4,2023,0,19,2023,3
Boston Utd,EC,"2, 4, 4, 1, 4","0, 2, 1, 1, 1",-2.2,"D, D, V, D, N",N/A,7,2025,1,2,2025,0,13,2024,6,1,2025,0,13,2024,1,3,2024,0,4,2025,1,5,2025,0,2,2025,1,11,2025,0,2,2025,0,10,2025,4,3,2025,0,3,2025,0,7,2025,3
Brackley Town,EC,"2, 0, 2, 1, 4","0, 0, 0, 0, 1",1.4000000000000008,"D, V, D, N, D",N/A,5,2025,2,3,2025,0,6,2025,1,1,2025,0,4,2025,1,4,2025,0,2,2025,1,9,2025,0,1,2025,1,9,2025,0,2,2025,0,4,2025,1,4,2025,0,0,N/A,0,17,2025,17
Braintree Town,EC,"0, 2, 0, 1, 1","0, 1, 0, 0, 0",-4.200000000000001,"D, D, N, D, N",N/A,11,2025,0,3,2024,0,15,2018,2,3,2024,0,11,2019,0,4,2018,3,6,2019,0,7,2018,6,4,2024,0,12,2024,8,4,2024,0,10,2025,0,4,2018,3,4,2024,0,6,2025,6
Carlisle,EC,"1, 6, 2, 2, 3","1, 3, 1, 1, 3",15.4,"V, V, N, V, V",N/A,17,2025,6,3,2025,0,27,2024,1,2,2025,0,14,2025,4,4,2025,0,6,2025,1,8,2024,0,3,2024,0,15,2022,3,3,2024,0,24,2024,9,5,2023,0,4,2020,1,14,2022,0
Eastleigh,EC,"2, 2, 3, 3, 6","0, 0, 0, 2, 3",-2.6000000000000005,"D, D, V, N, D",N/A,16,2022,4,3,2024,0,27,2024,6,2,2020,0,14,2019,7,5,2023,0,7,2024,3,7,2021,0,4,2023,1,16,2021,0,5,2023,0,14,2023,2,5,2021,0,5,2019,2,15,2021,0
Forest Green,EC,"1, 6, 3, 5, 6","1, 3, 1, 2, 3",13.8,"V, V, V, D, D",N/A,17,2021,4,5,2021,0,16,2023,5,2,2021,0,14,2022,4,4,2019,0,7,2020,4,8,2024,0,4,2017,2,20,2019,0,4,2018,0,17,2022,5,3,2025,0,4,2021,2,13,2025,0
Gateshead,EC,"4, 0, 4, 4, 2","2, 0, 2, 3, 0",-4.2,"D, D, N, N, D",N/A,14,2024,0,4,2023,0,16,2025,3,1,2025,0,20,2024,3,3,2019,0,6,2025,0,7,2019,1,4,2024,0,14,2019,1,3,2022,0,10,2025,0,3,2023,1,6,2025,0,15,2019,1
Halifax,EC,"2, 3, 2, 2, 1","0, 0, 1, 1, 0",-4.6000000000000005,"D, D, N, D, V",N/A,9,2022,0,5,2019,0,13,2021,4,3,2019,0,14,2025,0,8,2019,1,7,2020,0,10,2019,3,3,2020,0,20,2019,6,5,2019,0,12,2021,0,8,2019,1,4,2020,0,19,2023,6
Hartlepool,EC,"3, 6, 2, 2, 1","1, 1, 1, 1, 0",12.6,"V, N, V, N, D",N/A,14,2019,8,4,2025,1,27,2023,0,2,2024,0,23,2023,0,4,2025,1,8,2023,0,8,2025,3,4,2023,0,14,2018,3,5,2023,0,17,2019,0,5,2022,1,6,2023,0,18,2018,14
Morecambe,EC,"3, 4, 3, 2, 4","2, 2, 0, 1, 1",3.0,"N, N, D, V, D",N/A,14,2020,4,2,2025,0,21,2024,3,2,2018,0,20,2025,20,5,2024,0,7,2025,1,8,2025,0,5,2024,1,12,2022,0,4,2024,2,23,2021,2,5,2025,0,4,2025,0,9,2022,3
Rochdale,EC,"1, 3, 0, 4, 5","1, 3, 0, 1, 2",9.4,"D, V, N, V, V",N/A,13,2025,2,4,2024,0,17,2019,2,2,2022,0,15,2024,2,4,2022,0,8,2023,2,7,2021,0,6,2021,2,14,2024,0,4,2024,0,16,2021,2,4,2024,0,6,2021,1,9,2021,0
Scunthorpe,EC,"4, 2, 2, 3, 1","2, 0, 0, 3, 1",13.4,"V, V, N, N, V",N/A,14,2025,5,3,2021,1,33,2022,0,1,2023,0,17,2022,0,3,2022,1,6,2025,0,12,2021,1,3,2023,0,19,2019,4,4,2021,0,11,2020,2,6,2021,0,3,2025,0,10,2020,1
Solihull,EC,"2, 2, 2, 4, 2","0, 1, 1, 2, 0",15.4,"V, V, D, V, N",N/A,14,2023,2,5,2018,2,15,2025,0,2,2020,0,13,2023,6,3,2021,0,8,2021,0,7,2025,1,3,2024,0,10,2023,1,4,2025,0,14,2025,0,4,2020,1,3,2025,0,15,2023,1
Southend,EC,"3, 3, 2, 2, 3","1, 2, 0, 0, 3",7.4,"D, N, V, V, V",N/A,16,2022,6,8,2025,0,26,2019,2,2,2024,0,31,2023,13,3,2024,0,6,2025,1,13,2021,0,4,2019,0,19,2021,10,3,2025,0,14,2020,1,4,2025,0,5,2025,1,17,2023,0
Sutton,EC,"0, 6, 6, 3, 4","0, 1, 3, 2, 1",5.0,"N, V, D, N, N",N/A,14,2024,4,4,2024,0,19,2023,4,2,2021,0,16,2023,4,5,2019,0,7,2024,4,7,2022,0,5,2024,1,10,2025,0,4,2024,1,13,2022,4,4,2021,0,4,2023,0,12,2021,1
Tamworth,EC,"2, 3, 4, 1, 6","0, 2, 1, 1, 3",-5.0,"D, D, D, V, N",N/A,16,2025,1,2,2025,0,10,2025,8,1,2024,0,24,2025,1,2,2025,0,5,2025,1,4,2024,0,2,2025,1,8,2025,0,2,2025,0,12,2025,4,5,2025,0,2,2025,1,6,2024,0
Truro,EC,"4, 3, 4, 4, 1","1, 0, 2, 2, 0",-2.6000000000000005,"D, D, N, V, N",N/A,3,2025,0,1,2025,0,6,2025,6,0,N/A,0,6,2025,0,1,2025,1,4,2025,0,4,2025,1,2,2025,0,6,2025,1,1,2025,0,10,2025,0,1,2025,1,2,2025,0,4,2025,1
Wealdstone,EC,"2, 4, 6, 2, 1","2, 2, 3, 0, 0",15.8,"V, V, V, D, N",N/A,11,2025,3,3,2022,2,17,2024,0,1,2025,0,14,2025,0,3,2022,1,7,2025,0,7,2024,2,5,2021,0,12,2022,2,4,2022,0,13,2025,0,3,2024,2,5,2025,0,12,2024,2
Woking,EC,"4, 4, 0, 2, 1","1, 3, 0, 0, 1",12.6,"V, N, N, V, N",N/A,12,2022,2,4,2022,1,14,2021,0,2,2023,0,14,2022,0,3,2025,1,5,2023,0,8,2022,3,4,2023,0,15,2023,3,4,2019,0,15,2021,1,3,2023,0,5,2021,0,13,2023,3
Yeovil,EC,"3, 3, 2, 2, 1","2, 3, 1, 0, 1",-6.6000000000000005,"D, D, N, D, D",N/A,14,2019,0,5,2018,0,13,2024,6,1,2025,0,10,2021,0,4,2024,1,9,2021,0,9,2022,3,3,2019,0,36,2022,7,3,2025,0,14,2017,1,3,2024,0,4,2022,0,11,2020,3
York,EC,"4, 2, 4, 6, 5","2, 1, 3, 3, 2",18.6,"V, V, V, N, N",N/A,28,2025,10,4,2024,0,13,2023,2,1,2025,0,20,2023,10,2,2024,0,7,2023,3,7,2024,0,4,2023,3,15,2024,0,4,2023,0,11,2023,10,4,2024,0,3,2025,3,14,2024,0
AZ Alkmaar,Eredivisie (Pays-Bas),"3, 2, 5, 1, 6","2, 2, 2, 0, 4",10.600000000000001,"D, V, V, V, V",N/A,35,2023,17,7,2019,0,14,2022,1,1,2025,0,15,2020,1,3,2024,0,7,2024,1,4,2021,0,5,2021,1,10,2023,0,5,2020,0,18,2021,1,3,2019,0,5,2022,1,9,2023,0
Ajax,Eredivisie (Pays-Bas),"6, 2, 5, 2, 3","2, 2, 1, 1, 1",1.4000000000000001,"D, N, V, D, N",N/A,37,2023,3,7,2021,0,11,2024,9,2,2021,0,31,2024,21,2,2025,0,10,2024,1,4,2023,0,8,2019,0,7,2025,2,6,2023,0,22,2024,14,3,2019,0,5,2025,0,8,2020,3
Excelsior,Eredivisie (Pays-Bas),"3, 1, 2, 4, 3","1, 1, 0, 3, 1",-1.7999999999999996,"D, N, D, V, D",N/A,12,2024,2,2,2023,0,13,2022,3,1,2023,0,29,2025,3,2,2025,0,9,2025,2,5,2019,0,5,2023,0,8,2019,1,2,2023,0,12,2018,2,2,2025,0,8,2022,0,8,2019,1
Feyenoord,Eredivisie (Pays-Bas),"5, 7, 5, 4, 3","1, 4, 1, 2, 1",5.800000000000001,"D, V, D, V, V",N/A,31,2023,12,5,2024,0,8,2019,3,1,2025,0,25,2025,5,2,2024,0,7,2021,5,5,2024,0,6,2023,0,9,2018,1,3,2019,0,19,2023,5,3,2024,0,4,2024,0,8,2024,1
For Sittard,Eredivisie (Pays-Bas),"1, 1, 3, 7, 2","1, 1, 1, 3, 0",3.0,"V, D, D, D, V",N/A,9,2021,3,4,2024,1,17,2021,0,1,2025,0,16,2021,3,3,2024,0,10,2019,0,4,2024,1,8,2019,0,9,2025,1,3,2025,0,12,2021,0,4,2020,1,5,2020,0,9,2023,1
Go Ahead Eagles,Eredivisie (Pays-Bas),"2, 3, 2, 1, 3","1, 1, 0, 0, 1",5.8,"V, D, V, D, N",N/A,10,2025,1,3,2023,0,11,2022,2,2,2023,0,16,2023,1,3,2021,0,9,2025,1,5,2022,0,4,2024,0,11,2024,5,4,2022,0,15,2025,1,3,2021,0,4,2024,0,5,2025,5
Groningen,Eredivisie (Pays-Bas),"3, 2, 3, 2, 2","1, 1, 1, 0, 0",0.5999999999999999,"D, N, V, D, V",N/A,10,2025,0,3,2025,0,13,2024,6,1,2025,0,13,2025,5,5,2019,0,7,2025,0,7,2019,2,5,2025,0,17,2020,8,3,2024,0,15,2022,0,4,2022,2,6,2025,0,14,2019,8
Heerenveen,Eredivisie (Pays-Bas),"3, 5, 6, 2, 2","1, 3, 1, 1, 0",3.4000000000000004,"D, N, N, V, V",N/A,29,2020,0,3,2022,0,18,2019,12,2,2022,0,27,2024,7,2,2022,0,6,2024,0,4,2022,2,5,2019,0,15,2022,2,4,2020,0,18,2019,0,5,2022,1,6,2018,0,8,2021,3
Heracles,Eredivisie (Pays-Bas),"3, 7, 3, 10, 3","1, 4, 1, 5, 1",7.0,"V, V, D, D, D",N/A,14,2019,2,3,2019,0,16,2023,5,2,2024,0,20,2019,17,3,2021,0,9,2025,9,5,2025,0,5,2018,0,7,2022,1,3,2025,0,12,2025,12,3,2022,0,5,2023,0,10,2020,1
NAC Breda,Eredivisie (Pays-Bas),"3, 4, 6, 1, 3","1, 3, 1, 0, 1",4.2,"D, V, N, N, D",N/A,9,2025,8,2,2024,0,21,2025,1,1,2025,0,15,2018,1,2,2025,0,6,2025,1,5,2025,0,2,2025,0,7,2025,2,3,2025,0,13,2025,1,3,2024,0,3,2025,0,8,2024,3
Nijmegen,Eredivisie (Pays-Bas),"2, 6, 4, 1, 2","1, 2, 2, 1, 0",6.6,"V, D, N, N, N",N/A,15,2024,1,3,2023,1,11,2024,0,1,2025,0,21,2024,1,3,2022,0,10,2025,0,8,2022,2,3,2025,0,10,2024,2,7,2022,0,11,2025,0,5,2022,1,4,2023,0,8,2025,2
PSV Eindhoven,Eredivisie (Pays-Bas),"4, 3, 5, 7, 6","2, 1, 1, 3, 4",20.6,"V, V, V, V, V",N/A,65,2024,8,5,2018,0,10,2022,4,1,2023,0,30,2025,30,2,2024,0,13,2023,8,4,2019,0,8,2025,3,8,2020,0,3,2025,0,24,2025,24,2,2025,0,10,2022,2,12,2020,0
Sparta Rotterdam,Eredivisie (Pays-Bas),"6, 2, 1, 1, 1","2, 1, 1, 0, 1",2.2,"D, D, V, V, N",N/A,11,2024,0,4,2023,0,19,2025,2,1,2024,0,16,2024,0,3,2025,3,7,2019,0,6,2025,4,4,2019,0,12,2025,4,4,2022,0,10,2020,1,4,2024,0,5,2019,0,11,2021,4
Telstar,Eredivisie (Pays-Bas),"3, 5, 1, 4, 0","2, 3, 1, 3, 0",0.19999999999999996,"N, N, D, D, D",N/A,3,2025,0,1,2025,1,7,2025,0,1,2025,1,9,2025,0,1,2025,1,3,2025,0,2,2025,1,1,2025,0,2,2025,1,2,2025,2,11,2025,0,1,2025,1,3,2025,0,2,2025,1
Twente,Eredivisie (Pays-Bas),"3, 6, 5, 2, 0","1, 2, 1, 0, 0",4.2,"N, N, D, N, V",N/A,24,2024,0,3,2024,1,13,2025,0,2,2021,1,17,2021,0,3,2023,1,7,2023,0,5,2023,2,5,2023,0,13,2023,2,3,2023,2,13,2021,0,3,2021,2,3,2024,0,7,2020,3
Utrecht,Eredivisie (Pays-Bas),"5, 4, 5, 1, 3","1, 1, 2, 1, 1",11.0,"V, V, D, V, D",N/A,15,2019,6,3,2024,0,12,2021,1,2,2021,0,18,2019,1,3,2022,0,8,2019,1,6,2024,0,5,2024,0,11,2018,2,4,2024,0,12,2023,7,3,2025,0,5,2021,0,8,2020,2
Volendam,Eredivisie (Pays-Bas),"1, 4, 3, 4, 3","1, 1, 1, 2, 1",6.199999999999999,"V, D, V, D, D",N/A,7,2025,4,1,2025,0,20,2024,2,1,2024,0,23,2023,4,1,2025,0,6,2023,4,3,2024,0,3,2023,0,5,2025,1,4,2025,0,15,2025,15,2,2024,0,3,2025,0,8,2023,1
Zwolle,Eredivisie (Pays-Bas),"4, 4, 4, 10, 1","2, 3, 2, 5, 1",5.0,"V, D, N, N, D",N/A,9,2024,4,3,2025,1,19,2020,0,1,2024,0,15,2024,0,3,2024,1,7,2024,0,7,2021,1,5,2024,0,13,2023,1,3,2024,0,16,2020,7,3,2025,0,6,2025,0,10,2022,1
Anderlecht,Jupiler Pro League (Belgique),"1, 4, 1, 4, 1","0, 3, 0, 3, 1",12.600000000000001,"V, V, D, N, V",N/A,28,2024,2,4,2024,1,10,2022,0,2,2019,0,20,2024,0,2,2025,1,6,2024,0,7,2025,1,4,2023,0,13,2021,1,4,2021,0,12,2023,2,5,2025,0,4,2023,0,9,2025,1
Antwerp,Jupiler Pro League (Belgique),"2, 1, 1, 1, 4","2, 1, 1, 1, 0",1.7999999999999996,"V, D, D, D, N",N/A,23,2022,1,4,2023,0,15,2025,6,3,2023,0,21,2025,1,4,2023,0,7,2019,1,6,2025,0,6,2020,1,12,2024,0,3,2025,0,16,2025,0,4,2025,1,3,2025,0,8,2024,4
Cercle Brugge,Jupiler Pro League (Belgique),"2, 4, 2, 3, 3","2, 2, 1, 1, 1",-4.2,"D, D, N, N, N",N/A,11,2022,6,3,2020,0,19,2019,6,1,2025,0,15,2018,6,3,2020,0,8,2019,2,8,2025,0,3,2023,0,23,2021,3,4,2023,0,15,2019,6,3,2023,0,5,2024,0,9,2020,3
Charleroi,Jupiler Pro League (Belgique),"3, 4, 1, 4, 2","2, 2, 0, 2, 1",7.0,"V, D, V, D, D",N/A,13,2020,5,4,2023,1,12,2019,0,1,2025,0,18,2019,2,5,2023,0,6,2021,0,5,2023,1,4,2023,0,10,2024,1,4,2021,0,14,2025,2,4,2024,0,5,2022,0,10,2025,1
Club Brugge,Jupiler Pro League (Belgique),"1, 1, 1, 3, 1","0, 0, 1, 2, 1",9.4,"D, V, V, V, V",N/A,32,2025,0,5,2023,0,10,2023,2,1,2025,0,21,2024,0,3,2025,1,8,2021,0,5,2025,1,6,2022,0,12,2023,6,3,2023,0,14,2019,3,4,2021,0,6,2021,0,15,2024,1
Dender,Jupiler Pro League (Belgique),"3, 4, 2, 3, 4","2, 1, 1, 2, 1",-2.6000000000000005,"N, D, N, D, D",N/A,9,2025,5,2,2025,0,8,2024,5,1,2025,0,8,2024,5,3,2025,0,5,2025,2,5,2025,0,3,2025,1,5,2025,0,4,2025,1,9,2024,5,2,2025,0,4,2024,0,9,2025,1
Genk,Jupiler Pro League (Belgique),"3, 4, 2, 1, 2","2, 2, 2, 1, 1",8.600000000000001,"N, V, N, N, V",N/A,19,2021,7,2,2024,0,21,2025,1,1,2025,0,18,2025,1,3,2023,0,7,2020,0,5,2024,3,4,2022,0,10,2025,3,4,2023,1,29,2022,8,4,2025,0,4,2023,0,13,2025,2
Gent,Jupiler Pro League (Belgique),"3, 5, 4, 4, 2","2, 3, 3, 2, 1",3.799999999999999,"N, D, V, D, V",N/A,19,2019,1,3,2024,0,8,2025,2,1,2025,0,18,2019,6,2,2025,0,12,2018,0,5,2021,1,4,2018,0,14,2021,1,4,2022,1,25,2020,6,3,2024,0,5,2025,0,8,2025,1
Mechelen,Jupiler Pro League (Belgique),"4, 4, 2, 4, 2","1, 1, 0, 3, 0",1.4,"N, D, N, V, D",N/A,12,2024,6,3,2020,0,15,2021,5,1,2025,0,18,2023,6,2,2025,0,6,2022,0,4,2025,1,4,2024,0,8,2023,1,4,2025,1,21,2021,0,3,2021,1,5,2025,0,7,2020,1
Oud-Heverlee Leuven,Jupiler Pro League (Belgique),"2, 1, 2, 4, 3","1, 0, 0, 2, 1",11.0,"V, V, N, D, D",N/A,22,2021,3,2,2025,0,14,2021,1,1,2025,0,19,2023,3,4,2025,0,9,2020,2,15,2025,0,3,2025,0,15,2025,1,4,2025,0,20,2023,2,4,2025,0,5,2021,0,10,2025,1
RAAL La Louviere,Jupiler Pro League (Belgique),"0, 0, 2, 3, 4","0, 0, 2, 1, 0",3.4000000000000004,"D, V, N, N, N",N/A,3,2025,3,3,2025,0,3,2025,3,3,2025,0,3,2025,3,3,2025,0,2,2025,2,4,2025,0,1,2025,1,7,2025,0,4,2025,0,3,2025,0,3,2025,1,1,2025,0,6,2025,2
St Truiden,Jupiler Pro League (Belgique),"4, 4, 2, 1, 1","1, 3, 0, 1, 0",12.600000000000001,"V, V, D, N, V",N/A,13,2025,2,3,2022,2,16,2025,0,1,2024,0,25,2025,0,4,2023,2,6,2025,0,5,2023,3,3,2024,0,10,2022,3,4,2018,0,18,2025,0,4,2023,1,5,2019,0,11,2021,3
St. Gilloise,Jupiler Pro League (Belgique),"1, 4, 2, 5, 2","0, 2, 0, 2, 0",13.0,"N, V, V, V, D",N/A,34,2023,4,5,2025,0,10,2023,2,2,2024,0,19,2023,4,4,2025,0,10,2022,0,5,2024,1,5,2023,0,8,2024,1,2,2024,1,20,2023,0,5,2024,1,6,2021,0,10,2024,1
Standard,Jupiler Pro League (Belgique),"1, 1, 4, 4, 1","0, 1, 3, 2, 0",3.000000000000001,"D, V, D, V, D",N/A,14,2019,0,4,2025,0,11,2020,3,3,2025,0,16,2023,0,6,2022,1,6,2024,0,11,2025,1,4,2021,0,20,2025,1,5,2024,0,11,2021,0,5,2024,1,3,2024,0,10,2022,1
Waregem,Jupiler Pro League (Belgique),"0, 5, 2, 5, 4","0, 3, 1, 2, 1",2.6,"N, D, N, V, N",N/A,13,2021,4,2,2025,0,21,2025,4,1,2025,0,34,2021,4,1,2025,0,8,2021,2,3,2023,0,5,2018,2,9,2022,0,3,2023,1,20,2020,4,3,2022,0,4,2023,0,7,2019,1
Westerlo,Jupiler Pro League (Belgique),"2, 0, 2, 1, 2","1, 0, 1, 1, 1",-2.2,"D, D, N, N, V",N/A,20,2023,0,2,2025,0,19,2024,3,2,2023,0,16,2024,1,2,2024,0,8,2024,0,6,2025,6,4,2025,0,6,2025,6,4,2023,0,14,2024,3,2,2024,0,5,2024,0,7,2024,6
Alaves,La Liga,"4, 0, 1, 3, 1","0, 0, 0, 2, 1",1.8000000000000005,"D, V, D, N, V",N/A,10,2018,0,4,2023,0,14,2025,3,2,2023,0,15,2020,0,8,2023,1,5,2022,0,10,2025,1,2,2024,0,17,2025,4,4,2024,0,8,2024,2,6,2023,0,4,2022,0,11,2022,1
Ath Bilbao,La Liga,"3, 0, 1, 5, 1","1, 0, 0, 2, 1",5.0,"V, D, D, N, V",N/A,11,2024,2,5,2025,1,10,2023,0,2,2025,0,10,2024,0,4,2025,1,5,2022,0,11,2019,1,4,2022,0,17,2019,1,5,2021,0,12,2021,2,5,2025,0,3,2023,0,12,2025,1
Ath Madrid,La Liga,"2, 1, 2, 3, 4","1, 0, 2, 0, 2",21.400000000000002,"V, V, V, V, N",N/A,17,2020,14,4,2024,0,8,2024,1,2,2020,0,12,2025,3,3,2021,0,6,2023,2,9,2019,0,4,2022,1,12,2022,0,3,2020,0,14,2024,1,5,2023,0,4,2022,1,15,2022,0
Barcelona,La Liga,"5, 3, 3, 4, 6","3, 2, 3, 3, 5",12.200000000000001,"V, V, D, V, D",N/A,32,2025,32,6,2024,0,11,2018,7,2,2023,0,20,2019,17,3,2023,0,9,2025,9,5,2023,0,4,2022,2,15,2023,0,2,2023,0,18,2024,14,3,2023,0,6,2025,6,10,2023,0
Betis,La Liga,"3, 4, 2, 3, 2","1, 1, 2, 3, 0",7.800000000000001,"N, V, D, N, V",N/A,28,2025,2,4,2022,0,12,2025,1,2,2021,0,13,2020,10,4,2018,0,6,2019,0,7,2023,1,3,2020,0,16,2022,3,6,2021,1,12,2022,0,6,2022,1,6,2025,0,9,2022,1
Celta,La Liga,"2, 2, 5, 3, 6","1, 1, 3, 1, 5",5.8,"D, V, V, N, N",N/A,13,2025,11,3,2023,0,20,2023,14,2,2020,0,19,2021,14,5,2020,0,9,2024,3,9,2019,0,5,2024,1,12,2025,0,5,2025,0,10,2025,6,7,2021,0,5,2024,1,13,2019,0
Elche,La Liga,"4, 0, 1, 4, 2","0, 0, 0, 3, 0",-2.6,"N, D, D, N, D",N/A,21,2025,2,5,2024,0,28,2023,3,1,2025,0,11,2025,2,4,2024,0,4,2024,0,11,2019,1,2,2024,0,15,2019,1,4,2020,1,14,2022,0,6,2024,1,4,2022,0,12,2024,1
Espanol,La Liga,"3, 2, 1, 3, 2","1, 0, 0, 2, 1",1.0,"D, D, V, V, D",N/A,15,2023,0,6,2020,0,12,2024,2,2,2024,0,12,2022,2,4,2021,0,8,2022,0,8,2020,1,4,2021,0,23,2020,6,5,2024,0,16,2020,2,5,2020,0,6,2023,0,16,2019,1
Getafe,La Liga,"3, 1, 1, 3, 1","2, 0, 0, 0, 1",3.4,"D, V, V, D, D",N/A,8,2019,0,4,2020,0,10,2019,2,2,2024,0,12,2025,0,4,2024,1,5,2025,0,13,2024,1,3,2023,0,34,2025,19,5,2023,0,14,2024,1,8,2020,0,3,2022,0,16,2024,4
Girona,La Liga,"3, 3, 6, 3, 1","1, 2, 1, 0, 1",6.199999999999999,"V, D, N, D, V",N/A,15,2023,5,4,2020,1,19,2023,0,2,2020,0,14,2023,0,3,2025,1,6,2021,0,12,2021,1,4,2025,0,15,2021,2,4,2020,0,11,2024,1,5,2021,0,4,2023,0,18,2019,3
Levante,La Liga,"2, 3, 2, 3, 4","1, 2, 1, 1, 2",-4.6000000000000005,"D, D, N, D, V",N/A,13,2022,3,4,2022,0,17,2020,4,2,2024,0,14,2022,12,3,2023,0,9,2020,2,9,2021,0,6,2019,1,12,2020,0,5,2020,0,9,2025,9,3,2024,0,4,2021,1,15,2025,0
Mallorca,La Liga,"3, 4, 2, 3, 1","1, 1, 1, 3, 1",7.3999999999999995,"V, D, N, V, D",N/A,13,2019,1,7,2020,1,14,2020,0,2,2020,0,9,2020,0,5,2024,1,7,2019,0,10,2023,1,3,2023,0,17,2025,3,4,2021,0,13,2021,6,5,2024,0,4,2023,0,13,2023,1
Osasuna,La Liga,"3, 1, 5, 0, 1","2, 0, 3, 0, 0",-2.5999999999999996,"D, N, D, D, V",N/A,21,2019,0,4,2019,0,11,2025,1,3,2021,0,10,2023,0,3,2025,2,4,2024,0,8,2025,2,3,2024,0,27,2023,2,4,2024,0,12,2024,0,4,2024,2,4,2021,0,15,2023,2
Oviedo,La Liga,"2, 2, 6, 0, 1","1, 0, 1, 0, 1",-0.6000000000000001,"D, N, N, D, D",N/A,11,2024,0,6,2023,0,13,2020,1,2,2021,0,12,2025,0,5,2022,2,6,2024,0,8,2019,2,4,2024,0,26,2025,2,5,2021,0,9,2025,1,5,2023,0,4,2024,0,14,2021,8
Real Madrid,La Liga,"4, 1, 3, 4, 0","0, 0, 3, 3, 0",17.400000000000002,"N, V, V, V, V",N/A,27,2025,0,5,2020,2,8,2019,0,2,2019,1,21,2025,0,3,2025,1,7,2025,0,5,2021,1,3,2025,0,9,2020,1,3,2024,1,11,2022,0,4,2022,1,5,2022,0,9,2020,1
Sevilla,La Liga,"5, 4, 3, 3, 1","3, 1, 3, 0, 0",3.0,"V, D, D, D, V",N/A,21,2020,1,5,2021,1,11,2023,0,1,2025,0,14,2020,0,3,2024,1,6,2018,0,8,2019,1,3,2022,0,15,2020,3,5,2023,0,7,2025,0,4,2022,2,4,2024,0,10,2021,2
Sociedad,La Liga,"1, 2, 3, 5, 2","0, 1, 3, 2, 0",9.4,"N, V, V, N, D",N/A,15,2022,4,4,2022,0,11,2020,6,2,2024,0,8,2020,4,4,2024,0,8,2020,0,8,2023,1,3,2024,0,32,2025,1,4,2020,1,11,2022,0,6,2021,1,3,2023,0,16,2021,1
Valencia,La Liga,"3, 0, 2, 4, 2","1, 0, 1, 3, 0",-2.6,"N, D, D, N, D",N/A,20,2020,1,3,2024,0,10,2025,3,2,2019,0,11,2019,3,5,2024,0,6,2022,0,9,2018,1,3,2021,0,19,2023,1,4,2019,1,11,2023,0,6,2022,1,4,2021,0,13,2025,1
Vallecano,La Liga,"1, 3, 1, 4, 0","0, 2, 0, 1, 0",9.8,"N, D, V, V, V",N/A,17,2019,0,3,2025,1,14,2023,0,2,2024,1,17,2023,0,4,2025,1,11,2023,0,11,2020,1,4,2020,0,27,2024,1,5,2020,1,10,2019,0,5,2022,1,4,2020,0,16,2024,3
Villarreal,La Liga,"4, 4, 2, 4, 2","0, 1, 1, 1, 1",18.2,"V, V, V, N, D",N/A,24,2023,8,5,2022,3,14,2024,0,2,2021,0,20,2024,5,4,2018,0,8,2021,0,5,2022,1,4,2023,0,15,2023,1,4,2021,0,20,2024,4,6,2018,0,5,2025,0,11,2020,10
Albacete,La Liga 2,"0, 1, 4, 3, 5","0, 1, 2, 1, 1",2.6000000000000005,"D, V, D, V, N",N/A,19,2024,4,4,2018,0,16,2020,3,2,2025,0,23,2023,3,5,2024,0,5,2022,3,6,2019,0,4,2025,1,14,2022,0,4,2025,0,10,2024,4,5,2024,0,4,2024,0,16,2025,2
Almeria,La Liga 2,"2, 6, 2, 1, 4","1, 0, 2, 0, 3",16.2,"V, V, N, V, N",N/A,18,2025,13,4,2022,0,15,2023,1,2,2019,0,14,2024,1,3,2022,0,9,2024,1,6,2020,0,5,2020,1,19,2020,0,3,2025,0,12,2024,1,5,2019,0,4,2024,1,12,2019,0
Andorra,La Liga 2,"3, 0, 5, 0, 4","1, 0, 1, 0, 2",2.2000000000000006,"N, N, D, N, D",N/A,6,2023,1,4,2023,0,10,2023,1,2,2023,0,9,2025,1,4,2024,0,3,2025,1,10,2024,0,1,2025,1,16,2024,0,2,2025,2,5,2022,1,4,2022,0,2,2025,1,19,2024,0
Burgos,La Liga 2,"1, 4, 1, 3, 0","0, 3, 0, 3, 0",13.4,"N, V, V, V, D",N/A,8,2025,0,12,2022,1,12,2024,0,4,2022,1,7,2023,0,10,2022,1,6,2024,0,11,2022,1,3,2025,0,19,2022,3,4,2022,1,7,2023,0,9,2025,1,2,2025,0,20,2022,1
Cadiz,La Liga 2,"1, 4, 0, 0, 0","0, 3, 0, 0, 0",7.4,"N, N, N, D, V",N/A,9,2021,0,3,2025,3,11,2020,0,3,2025,3,9,2021,0,5,2025,3,6,2021,0,8,2023,3,3,2021,0,21,2020,3,5,2023,3,10,2021,0,6,2023,3,6,2021,0,20,2019,3
Castellon,La Liga 2,"0, 1, 1, 3, 0","0, 1, 0, 0, 0",4.6,"N, V, D, D, N",N/A,9,2024,0,3,2024,1,20,2025,0,1,2025,1,9,2024,0,3,2025,1,6,2025,0,5,2021,1,5,2025,0,14,2024,5,3,2025,1,11,2025,0,3,2025,3,6,2025,0,15,2024,5
Ceuta,La Liga 2,"1, 0, 2, 1, 2","1, 0, 2, 1, 2",9.4,"D, V, V, N, V",N/A,4,2025,0,6,2025,0,5,2025,1,1,2025,0,3,2025,1,4,2025,0,3,2025,0,7,2025,7,1,2025,0,7,2025,7,1,2025,0,5,2025,3,2,2025,0,1,2025,1,4,2025,0
Cordoba,La Liga 2,"1, 2, 4, 2, 4","1, 2, 2, 2, 0",12.600000000000001,"N, V, V, N, V",N/A,13,2025,10,2,2025,0,13,2019,1,1,2025,0,15,2025,4,2,2025,0,7,2025,1,4,2025,0,2,2025,1,5,2025,0,3,2025,1,8,2025,0,3,2024,1,3,2025,0,6,2024,1
Cultural Leonesa,La Liga 2,"1, 5, 1, 5, 3","1, 2, 1, 2, 2",3.8000000000000007,"D, V, D, V, D",N/A,3,2025,0,2,2025,0,3,2025,3,1,2025,0,2,2025,2,3,2025,0,2,2025,2,3,2025,0,2,2025,0,3,2025,1,1,2025,0,5,2025,5,3,2025,0,2,2025,2,3,2025,0
Eibar,La Liga 2,"0, 4, 0, 4, 5","0, 1, 0, 3, 1",5.799999999999999,"V, D, N, D, N",N/A,12,2023,2,4,2023,0,16,2021,2,2,2022,0,12,2023,2,4,2024,0,7,2020,2,9,2024,0,3,2023,2,26,2023,0,5,2025,0,10,2020,2,4,2025,0,4,2021,0,11,2023,1
Granada,La Liga 2,"0, 0, 0, 3, 4","0, 0, 0, 1, 2",8.2,"V, D, N, N, N",N/A,15,2024,2,4,2023,0,18,2023,2,3,2025,0,11,2020,2,4,2022,0,7,2025,2,6,2023,0,4,2022,1,27,2019,0,4,2024,0,12,2024,2,6,2022,0,4,2021,1,9,2020,0
Huesca,La Liga 2,"1, 2, 3, 2, 4","0, 1, 1, 1, 2",-3.4000000000000004,"N, D, D, N, D",N/A,10,2025,1,8,2024,0,20,2019,8,2,2024,0,12,2020,4,7,2019,0,6,2019,1,13,2023,0,4,2019,1,26,2023,0,4,2023,1,10,2019,4,5,2024,0,3,2023,1,17,2022,0
La Coruna,La Liga 2,"3, 3, 2, 2, 3","2, 2, 1, 0, 2",13.4,"V, V, N, D, D",N/A,10,2024,4,3,2019,2,9,2024,0,2,2024,0,10,2018,9,3,2019,0,4,2025,1,6,2019,0,3,2019,0,13,2019,7,4,2019,0,7,2025,1,4,2025,0,4,2025,1,10,2024,0
Las Palmas,La Liga 2,"0, 4, 2, 0, 4","0, 1, 1, 0, 4",13.4,"V, N, N, V, N",N/A,12,2022,1,6,2023,0,13,2025,1,2,2020,0,10,2024,1,5,2023,0,4,2024,1,8,2023,0,2,2025,1,25,2024,0,4,2024,0,12,2021,1,5,2023,0,5,2019,1,25,2024,0
Leganes,La Liga 2,"0, 2, 0, 3, 3","0, 1, 0, 3, 2",-0.20000000000000018,"D, D, N, V, N",N/A,8,2022,2,5,2023,0,11,2019,2,4,2024,0,8,2022,2,4,2024,0,5,2019,2,8,2023,0,2,2025,0,27,2019,10,5,2024,0,8,2023,2,6,2020,0,3,2025,2,14,2023,0
Malaga,La Liga 2,"3, 2, 5, 3, 4","2, 1, 1, 0, 0",3.3999999999999995,"N, D, V, D, V",N/A,10,2025,3,6,2024,0,9,2022,4,2,2024,0,7,2025,7,6,2024,0,4,2022,3,8,2023,0,2,2022,1,25,2021,0,4,2024,1,13,2020,0,4,2022,2,2,2025,0,29,2019,4
Mirandes,La Liga 2,"0, 2, 4, 5, 3","0, 2, 2, 2, 1",0.19999999999999973,"V, D, D, D, N",N/A,11,2023,3,5,2024,0,14,2022,4,2,2024,0,12,2019,4,5,2024,0,6,2023,3,11,2024,0,2,2025,0,16,2021,1,7,2020,0,14,2022,4,5,2021,0,4,2022,0,18,2024,1
Santander,La Liga 2,"3, 3, 4, 1, 4","1, 2, 2, 1, 4",8.200000000000001,"D, V, V, V, D",N/A,17,2025,15,4,2022,0,16,2025,1,2,2019,0,18,2025,1,4,2022,0,13,2025,1,9,2022,0,6,2025,1,39,2023,0,4,2022,0,10,2025,5,4,2022,0,3,2025,1,11,2022,0
Sociedad B,La Liga 2,"3, 1, 1, 2, 3","1, 0, 1, 1, 2",9.4,"V, V, D, D, V",N/A,7,2025,2,3,2021,0,12,2021,1,2,2021,0,11,2022,2,4,2021,0,4,2025,1,4,2021,0,3,2022,0,10,2021,5,2,2025,0,7,2025,3,4,2021,0,2,2025,1,10,2022,0
Sp Gijon,La Liga 2,"3, 5, 1, 0, 3","1, 2, 1, 0, 1",7.4,"D, N, V, V, V",N/A,12,2024,1,4,2021,0,14,2025,1,2,2025,0,10,2024,1,8,2021,0,6,2025,1,13,2023,0,3,2024,0,24,2020,3,6,2025,0,8,2023,1,5,2021,0,2,2025,0,20,2021,3
Valladolid,La Liga 2,"1, 5, 2, 3, 0","0, 2, 1, 1, 0",7.8,"N, V, N, D, V",N/A,17,2022,0,7,2024,1,19,2025,0,2,2024,1,15,2021,0,5,2022,1,7,2025,0,9,2023,1,4,2025,0,15,2023,3,4,2021,1,11,2023,0,5,2019,1,4,2025,0,15,2024,3
Zaragoza,La Liga 2,"6, 5, 1, 2, 4","0, 2, 1, 0, 2",-9.0,"D, D, D, D, D",N/A,10,2023,1,4,2023,0,12,2020,6,2,2023,0,10,2022,2,5,2020,0,6,2024,1,11,2021,0,2,2025,1,19,2021,0,9,2021,0,9,2024,1,7,2021,0,4,2020,1,14,2022,0
AVS,Liga (Portugal),"3, 4, 2, 4, 2","3, 2, 0, 2, 1",-1.8,"N, N, D, D, D",N/A,5,2024,2,1,2025,0,12,2025,12,1,2024,0,7,2025,7,2,2025,0,4,2025,0,7,2025,1,2,2024,0,7,2025,1,5,2025,2,4,2025,2,3,2025,0,2,2025,0,6,2024,1
Alverca,Liga (Portugal),"2, 4, 4, 2, 2","1, 2, 2, 0, 1",1.0000000000000002,"N, D, D, V, V",N/A,6,2025,1,1,2025,0,4,2025,4,0,N/A,0,6,2025,6,1,2025,0,4,2025,0,2,2025,2,2,2025,0,4,2025,2,1,2025,1,9,2025,1,1,2025,0,4,2025,0,2,2025,2
Arouca,Liga (Portugal),"4, 2, 5, 2, 7","1, 0, 3, 2, 4",-5.4,"D, D, D, N, D",N/A,11,2025,1,3,2023,0,13,2025,13,1,2025,0,13,2025,13,3,2023,0,10,2024,1,16,2023,0,4,2025,1,17,2023,0,3,2025,0,12,2024,3,5,2023,0,3,2025,3,15,2023,0
Benfica,Liga (Portugal),"3, 0, 5, 3, 4","3, 0, 3, 0, 1",15.8,"N, V, V, N, V",N/A,25,2025,3,7,2021,0,6,2020,1,1,2025,0,24,2021,3,3,2022,0,10,2025,3,10,2021,0,8,2019,1,18,2021,0,4,2020,1,14,2020,1,3,2021,0,6,2024,0,10,2024,2
Casa Pia,Liga (Portugal),"3, 4, 4, 8, 4","2, 3, 2, 3, 1",-1.7999999999999998,"N, D, D, N, D",N/A,11,2025,2,3,2024,0,9,2024,6,2,2023,0,13,2025,13,3,2024,0,5,2025,5,8,2023,0,4,2025,4,11,2023,0,2,2024,1,8,2025,5,4,2024,0,5,2025,0,17,2023,1
Estoril,Liga (Portugal),"1, 4, 2, 4, 7","1, 3, 1, 2, 4",14.6,"V, V, N, N, D",N/A,18,2024,4,3,2024,0,10,2023,1,2,2024,0,18,2025,4,4,2024,0,6,2025,2,7,2022,0,4,2024,2,8,2022,0,3,2021,0,8,2025,7,4,2024,0,5,2024,2,7,2023,0
Estrela,Liga (Portugal),"3, 2, 3, 8, 2","3, 2, 1, 3, 1",5.4,"N, V, D, D, V",N/A,5,2023,3,2,2025,0,10,2024,4,1,2025,0,5,2025,5,3,2025,0,4,2024,0,6,2025,1,2,2024,0,13,2025,1,3,2025,1,6,2025,5,4,2025,0,4,2024,0,14,2024,1
Famalicao,Liga (Portugal),"0, 2, 2, 1, 1","0, 0, 1, 1, 1",7.800000000000001,"D, V, V, N, N",N/A,15,2025,0,5,2025,0,13,2020,1,2,2024,0,13,2020,0,5,2022,2,12,2020,0,6,2025,6,4,2022,0,18,2025,18,4,2024,0,8,2020,3,4,2024,0,6,2022,0,10,2023,6
Gil Vicente,Liga (Portugal),"3, 2, 4, 1, 2","3, 2, 2, 1, 1",14.2,"N, V, V, V, D",N/A,9,2023,8,4,2025,0,14,2025,1,2,2024,0,10,2023,1,5,2023,0,7,2024,0,8,2025,2,3,2023,0,15,2025,2,4,2024,1,7,2025,7,4,2024,0,3,2025,0,13,2025,2
Guimaraes,Liga (Portugal),"2, 3, 2, 3, 1","1, 1, 1, 0, 0",4.199999999999999,"V, D, D, V, D",N/A,12,2020,1,4,2021,1,20,2022,0,2,2025,0,15,2025,0,5,2020,1,6,2021,0,6,2025,1,5,2025,0,13,2019,9,5,2025,0,11,2021,0,7,2021,2,7,2021,0,13,2022,5
Moreirense,Liga (Portugal),"3, 5, 3, 2, 3","2, 2, 2, 2, 1",0.6000000000000005,"D, V, D, D, V",N/A,10,2020,5,4,2023,0,19,2020,1,1,2025,0,13,2021,9,5,2024,0,7,2021,1,10,2020,0,3,2024,0,13,2021,3,4,2019,0,7,2022,5,4,2025,0,4,2025,0,15,2022,1
Nacional,Liga (Portugal),"1, 5, 2, 1, 2","1, 2, 1, 1, 1",3.4,"N, D, N, V, V",N/A,6,2021,1,2,2021,0,10,2021,4,1,2024,0,9,2025,1,3,2025,0,5,2021,0,5,2024,3,3,2019,0,12,2024,3,2,2020,1,9,2024,5,2,2024,0,4,2025,0,7,2025,3
Porto,Liga (Portugal),"4, 0, 3, 3, 1","1, 0, 2, 1, 1",17.0,"V, V, V, N, V",N/A,43,2022,3,5,2022,1,6,2024,0,1,2025,0,21,2025,0,2,2023,1,8,2021,0,7,2018,1,5,2022,0,13,2023,4,3,2025,0,21,2022,3,4,2024,0,5,2024,0,9,2025,2
Rio Ave,Liga (Portugal),"0, 3, 3, 4, 2","0, 2, 1, 2, 1",5.8,"N, D, V, V, N",N/A,16,2019,1,3,2020,0,17,2025,3,2,2024,0,16,2023,4,4,2022,0,8,2019,0,12,2020,1,3,2025,0,13,2020,1,5,2025,1,12,2025,4,4,2024,0,4,2019,0,11,2022,1
Santa Clara,Liga (Portugal),"3, 3, 2, 1, 3","0, 1, 0, 1, 2",-3.0000000000000004,"D, D, V, D, D",N/A,12,2022,1,4,2019,0,16,2023,2,2,2022,0,10,2021,1,4,2024,0,5,2021,1,11,2025,0,4,2018,0,27,2025,27,3,2022,0,15,2022,2,5,2025,0,3,2024,1,15,2022,0
Sp Braga,Liga (Portugal),"1, 2, 4, 3, 3","1, 1, 2, 1, 1",7.799999999999999,"V, D, V, N, D",N/A,16,2025,4,5,2022,0,10,2023,2,2,2021,0,13,2023,4,5,2022,0,7,2023,3,5,2022,0,4,2023,0,14,2025,2,2,2025,0,19,2025,19,4,2022,0,5,2022,0,12,2019,2
Sp Lisbon,Liga (Portugal),"1, 2, 3, 2, 3","1, 1, 1, 0, 2",17.8,"V, V, V, N, V",N/A,53,2024,30,7,2024,0,9,2019,1,1,2024,0,34,2022,4,2,2024,0,7,2024,1,6,2021,0,5,2025,0,18,2021,8,3,2025,0,17,2024,1,4,2020,0,6,2024,1,16,2021,0
Tondela,Liga (Portugal),"3, 3, 3, 4, 1","0, 2, 1, 2, 0",-4.2,"D, N, D, D, V",N/A,6,2022,0,2,2020,0,31,2025,5,1,2025,0,14,2021,0,6,2019,1,8,2021,0,6,2019,1,4,2022,0,14,2020,1,2,2022,0,8,2020,0,3,2022,1,4,2022,0,6,2020,1
Angers,Ligue 1,"2, 2, 4, 1, 2","0, 1, 1, 1, 0",8.2,"V, D, N, V, N",N/A,10,2021,1,4,2020,1,13,2023,0,1,2024,0,12,2019,1,5,2019,0,7,2023,0,9,2020,2,5,2022,0,16,2025,2,5,2019,0,11,2022,0,3,2025,1,7,2020,0,11,2025,6
Auxerre,Ligue 1,"4, 1, 3, 1, 2","2, 0, 0, 1, 0",-8.200000000000001,"D, D, D, D, N",N/A,22,2022,0,5,2019,0,11,2023,7,2,2019,0,13,2020,1,4,2019,0,9,2024,0,6,2021,2,3,2025,0,16,2023,4,4,2021,0,12,2024,0,3,2025,1,8,2024,0,12,2018,4
Brest,Ligue 1,"6, 3, 1, 0, 3","3, 2, 0, 0, 2",-2.9999999999999996,"D, N, D, D, N",N/A,17,2021,0,4,2024,0,15,2022,1,1,2025,0,16,2021,1,2,2025,0,6,2018,1,7,2019,0,5,2024,0,13,2019,4,3,2024,0,14,2025,1,3,2024,0,6,2018,1,9,2022,0
Le Havre,Ligue 1,"8, 1, 1, 0, 2","2, 0, 0, 0, 1",9.8,"N, N, V, V, D",N/A,18,2025,1,6,2023,0,15,2025,1,2,2023,0,18,2025,1,5,2023,0,6,2025,0,18,2021,4,3,2025,0,18,2021,4,4,2021,2,11,2025,1,7,2021,0,6,2025,0,20,2021,4
Lens,Ligue 1,"3, 3, 2, 3, 5","2, 2, 0, 1, 4",15.4,"V, V, D, V, V",N/A,20,2023,2,5,2023,0,13,2021,1,3,2019,0,13,2021,6,6,2022,0,6,2023,2,11,2019,0,4,2021,1,11,2022,0,5,2024,0,24,2023,2,6,2020,0,4,2021,1,11,2022,0
Lille,Ligue 1,"2, 7, 2, 1, 2","1, 2, 1, 1, 1",5.000000000000001,"D, V, D, V, V",N/A,22,2020,0,7,2022,0,13,2022,1,1,2025,0,13,2022,1,3,2025,0,7,2022,0,10,2023,3,3,2022,0,15,2020,3,3,2025,0,16,2022,5,5,2019,0,5,2022,0,10,2020,3
Lorient,Ligue 1,"6, 2, 2, 3, 2","3, 1, 0, 1, 1",-1.4000000000000004,"N, D, N, D, N",N/A,17,2021,1,4,2018,0,12,2024,10,1,2025,0,11,2025,11,3,2023,0,7,2024,0,6,2025,1,3,2025,0,10,2019,4,3,2021,1,7,2021,2,3,2024,0,5,2021,0,7,2024,4
Lyon,Ligue 1,"5, 3, 6, 0, 5","3, 2, 1, 0, 3",2.6,"D, N, N, V, D",N/A,19,2021,1,4,2025,0,9,2021,1,1,2025,0,16,2025,1,3,2019,0,11,2023,1,5,2022,0,5,2024,1,10,2022,0,4,2022,0,10,2024,1,3,2019,0,6,2023,1,8,2021,0
Marseille,Ligue 1,"8, 3, 4, 1, 3","2, 2, 1, 1, 2",15.4,"V, V, N, D, V",N/A,15,2019,9,5,2020,2,13,2025,0,2,2020,0,18,2025,1,4,2021,0,8,2018,1,6,2021,0,7,2018,0,13,2022,2,3,2024,0,9,2024,5,4,2020,0,4,2024,1,11,2022,0
Metz,Ligue 1,"4, 7, 2, 2, 3","2, 2, 0, 0, 1",13.0,"V, V, V, D, D",N/A,19,2023,4,5,2023,0,17,2021,1,3,2025,0,17,2021,6,4,2024,0,10,2025,1,10,2025,0,3,2025,0,19,2019,3,4,2019,0,14,2019,1,9,2023,0,4,2024,0,16,2023,3
Monaco,Ligue 1,"2, 1, 8, 1, 5","0, 1, 4, 0, 4",1.8,"D, D, V, V, N",N/A,34,2023,1,6,2021,0,11,2018,3,1,2025,0,14,2025,1,3,2019,0,9,2025,1,5,2019,0,5,2020,1,9,2025,0,3,2021,0,13,2021,1,3,2022,0,6,2025,1,14,2025,0
Nantes,Ligue 1,"2, 3, 8, 2, 2","1, 3, 4, 0, 1",-0.6000000000000004,"N, D, D, V, D",N/A,9,2022,1,5,2023,0,17,2021,5,1,2025,0,16,2020,5,5,2019,0,6,2021,0,6,2019,2,3,2022,0,17,2019,2,4,2025,1,11,2023,1,7,2023,0,6,2023,0,16,2019,2
Nice,Ligue 1,"5, 3, 2, 1, 3","3, 2, 1, 0, 1",2.2,"D, D, V, V, V",N/A,18,2025,1,8,2023,0,11,2019,2,2,2018,0,21,2025,1,5,2023,0,8,2025,1,14,2019,0,3,2025,0,25,2022,4,4,2023,0,11,2019,1,4,2018,0,4,2019,0,17,2018,3
Paris FC,Ligue 1,"3, 3, 6, 1, 1","2, 3, 1, 0, 0",2.6,"D, V, N, D, D",N/A,16,2022,0,5,2021,0,12,2021,1,2,2024,0,13,2022,0,4,2021,2,5,2023,0,9,2019,2,3,2023,0,26,2019,2,5,2024,0,10,2025,0,4,2024,2,3,2025,0,12,2020,3
Paris SG,Ligue 1,"6, 3, 2, 1, 5","3, 2, 0, 0, 3",17.400000000000002,"V, V, N, V, N",N/A,44,2019,7,4,2022,0,8,2021,1,1,2024,0,19,2024,1,3,2020,0,10,2018,1,6,2022,0,7,2022,1,9,2022,0,3,2024,0,20,2024,1,3,2023,0,7,2022,1,9,2022,0
Rennes,Ligue 1,"4, 3, 4, 5, 1","2, 2, 0, 2, 0",12.200000000000001,"V, V, N, D, N",N/A,24,2023,6,4,2019,1,11,2018,0,1,2025,0,17,2023,0,4,2020,1,5,2025,0,7,2021,1,3,2019,0,12,2021,1,5,2023,0,13,2023,0,6,2020,1,4,2018,0,11,2020,1
Strasbourg,Ligue 1,"6, 3, 3, 5, 2","3, 2, 0, 2, 1",9.399999999999999,"V, D, V, D, N",N/A,16,2025,16,5,2025,1,15,2024,0,1,2025,0,18,2023,8,3,2025,0,7,2025,0,7,2022,1,6,2019,0,15,2024,1,3,2023,0,19,2023,2,4,2025,0,8,2023,0,13,2025,1
Toulouse,Ligue 1,"4, 1, 4, 0, 2","2, 1, 0, 0, 1",4.6000000000000005,"N, N, N, D, V",N/A,19,2021,1,4,2020,0,17,2020,1,3,2023,0,18,2023,1,5,2023,0,6,2024,0,6,2023,2,4,2021,0,17,2025,2,4,2023,3,15,2021,1,4,2019,0,4,2023,0,9,2025,4
Amiens,Ligue 2,"1, 3, 4, 5, 3","1, 1, 1, 2, 0",-3.8,"D, D, D, V, V",N/A,10,2022,5,4,2024,0,9,2020,4,2,2024,0,11,2023,4,4,2024,0,4,2025,4,10,2024,0,3,2019,0,17,2020,1,4,2024,0,11,2019,0,5,2019,1,3,2024,0,14,2020,1
Annecy,Ligue 2,"1, 4, 3, 2, 1","1, 1, 0, 1, 0",1.0000000000000004,"D, N, D, V, V",N/A,15,2024,0,4,2022,0,10,2023,3,1,2025,0,17,2023,0,3,2025,1,5,2023,0,6,2025,2,2,2025,0,8,2024,3,3,2023,0,10,2023,0,3,2024,1,5,2023,0,13,2023,7
Bastia,Ligue 2,"0, 1, 2, 1, 4","0, 1, 1, 0, 3",0.20000000000000062,"D, V, D, D, N",N/A,12,2024,2,4,2022,0,9,2025,1,3,2024,0,10,2023,1,4,2022,0,3,2025,1,10,2023,0,3,2025,1,15,2023,0,4,2024,0,11,2025,1,4,2023,0,3,2025,1,14,2023,0
Boulogne,Ligue 2,"4, 1, 8, 2, 2","1, 0, 6, 1, 0",-1.0,"N, N, D, D, N",N/A,4,2025,3,1,2025,0,5,2025,5,0,N/A,0,3,2025,3,3,2025,0,3,2025,0,3,2025,2,1,2025,0,6,2025,2,2,2025,2,3,2025,0,1,2025,1,1,2025,0,3,2025,2
Clermont,Ligue 2,"1, 1, 2, 1, 3","1, 0, 2, 0, 0",5.3999999999999995,"V, D, N, V, D",N/A,12,2023,1,5,2021,0,12,2024,3,2,2023,0,13,2021,1,4,2024,0,4,2021,1,7,2025,0,3,2022,0,14,2023,5,3,2025,0,14,2023,0,4,2019,2,3,2025,0,13,2023,2
Dunkerque,Ligue 2,"1, 3, 3, 3, 2","0, 2, 1, 2, 0",13.399999999999999,"N, V, V, V, D",N/A,13,2024,4,3,2025,0,8,2021,2,2,2021,0,8,2024,4,3,2023,0,5,2022,0,7,2025,1,3,2025,0,24,2022,6,4,2025,1,11,2022,0,6,2022,1,4,2025,0,13,2024,1
Grenoble,Ligue 2,"2, 1, 0, 5, 3","0, 0, 0, 2, 2",11.4,"V, V, N, D, N",N/A,9,2025,2,6,2023,0,11,2025,2,4,2023,0,15,2024,2,4,2023,0,6,2023,2,12,2023,0,3,2025,0,28,2023,1,4,2023,0,9,2023,2,6,2023,0,6,2023,2,14,2021,0
Guingamp,Ligue 2,"4, 1, 0, 2, 4","1, 0, 0, 2, 3",7.4,"N, V, N, D, N",N/A,13,2022,2,7,2021,0,13,2022,1,2,2024,0,13,2022,2,5,2019,0,9,2022,1,7,2022,0,3,2025,1,19,2021,0,4,2021,1,15,2021,2,7,2022,0,3,2025,2,16,2022,0
Laval,Ligue 2,"0, 1, 2, 2, 2","0, 0, 1, 2, 2",4.6,"V, D, N, D, N",N/A,11,2024,1,3,2023,1,12,2023,0,1,2025,0,14,2024,3,5,2023,0,5,2023,0,7,2025,7,2,2025,0,13,2025,12,4,2025,0,8,2023,3,4,2025,0,6,2023,2,10,2023,0
Le Mans,Ligue 2,"5, 1, 2, 1, 0","2, 0, 1, 0, 0",13.4,"N, V, N, V, V",N/A,8,2025,0,3,2019,2,5,2025,0,1,2025,1,9,2019,0,3,2025,2,4,2025,0,4,2025,4,2,2025,0,6,2019,4,2,2025,1,4,2025,0,4,2025,2,1,2025,0,5,2020,4
Montpellier,Ligue 2,"1, 5, 2, 2, 1","0, 2, 2, 0, 0",17.400000000000002,"V, V, N, V, V",N/A,19,2023,5,3,2018,2,36,2025,0,1,2025,0,24,2024,0,3,2020,1,8,2024,0,8,2019,3,5,2023,0,12,2019,3,3,2021,0,16,2022,0,5,2019,2,5,2019,0,17,2024,2
Nancy,Ligue 2,"1, 5, 2, 1, 2","1, 2, 1, 0, 2",-3.0000000000000004,"D, D, V, D, D",N/A,11,2021,0,2,2025,0,15,2021,2,2,2019,0,11,2022,1,6,2018,0,6,2022,0,7,2019,3,3,2022,0,20,2020,3,5,2021,0,8,2022,1,5,2020,0,3,2021,1,25,2020,0
Pau FC,Ligue 2,"2, 3, 6, 2, 4","0, 2, 4, 1, 3",-1.0,"N, N, D, D, N",N/A,19,2024,2,3,2021,0,14,2022,7,1,2025,0,12,2025,7,4,2023,0,8,2024,1,10,2023,0,3,2025,1,12,2022,0,3,2024,2,13,2023,4,10,2022,0,5,2021,1,19,2022,0
Red Star,Ligue 2,"1, 1, 3, 3, 0","0, 0, 1, 2, 0",9.4,"N, V, D, V, V",N/A,15,2025,0,4,2025,1,11,2024,0,1,2025,1,8,2019,0,3,2025,1,4,2018,0,4,2025,1,2,2025,0,9,2019,7,5,2025,1,17,2024,0,3,2025,1,2,2025,0,8,2019,1
Reims,Ligue 2,"4, 0, 8, 3, 4","2, 0, 6, 2, 3",10.2,"V, D, V, N, N",N/A,13,2019,3,6,2023,0,15,2022,3,2,2024,0,13,2023,3,4,2021,0,6,2022,3,7,2021,0,3,2022,1,15,2019,0,3,2022,0,19,2023,3,6,2019,0,4,2022,3,13,2022,0
Rodez,Ligue 2,"4, 3, 3, 2, 3","2, 1, 0, 0, 2",-3.4000000000000004,"D, D, V, D, N",N/A,13,2024,1,4,2022,0,18,2021,9,2,2022,0,13,2025,8,3,2025,0,6,2024,1,7,2022,0,5,2024,0,21,2020,4,5,2021,0,13,2024,1,4,2023,0,4,2024,1,17,2020,0
St Etienne,Ligue 2,"5, 4, 6, 3, 5","2, 1, 4, 2, 3",8.2,"V, D, V, D, D",N/A,17,2023,3,6,2023,0,15,2022,2,2,2020,0,22,2022,7,4,2024,0,5,2025,5,7,2023,0,5,2022,1,14,2023,0,3,2023,0,13,2022,7,4,2023,0,5,2022,3,10,2023,0
Troyes,Ligue 2,"1, 0, 4, 2, 5","1, 0, 1, 1, 3",4.6000000000000005,"D, N, V, N, V",N/A,20,2021,3,5,2024,0,24,2023,3,1,2025,0,14,2021,3,3,2023,0,5,2025,1,8,2019,0,4,2025,1,19,2019,0,3,2023,0,14,2022,3,4,2021,0,3,2021,1,11,2023,0
Arsenal,Premier League,"2, 1, 1, 2, 4","1, 0, 1, 2, 1",15.000000000000002,"N, V, V, V, V",N/A,20,2019,8,4,2025,0,11,2018,1,1,2025,0,16,2022,2,3,2020,0,10,2023,1,5,2025,0,7,2023,1,11,2020,0,4,2020,1,11,2023,3,3,2018,0,6,2024,0,11,2025,1
Aston Villa,Premier League,"3, 3, 1, 2, 4","1, 2, 1, 1, 2",13.8,"V, D, V, V, V",N/A,20,2023,1,4,2020,1,11,2024,0,1,2025,0,14,2024,2,3,2023,0,7,2024,1,6,2025,0,3,2024,1,15,2023,0,3,2018,0,10,2023,6,3,2025,0,5,2023,1,9,2025,0
Bournemouth,Premier League,"4, 6, 2, 4, 4","0, 2, 2, 3, 2",1.4000000000000001,"D, D, V, N, V",N/A,14,2021,0,5,2020,0,16,2020,2,2,2022,0,19,2024,6,4,2019,0,8,2016,2,6,2020,0,5,2019,2,12,2021,0,3,2021,0,13,2015,4,4,2017,0,6,2019,4,9,2024,0
Brentford,Premier League,"1, 2, 5, 2, 4","1, 1, 3, 1, 1",11.0,"V, D, V, V, D",N/A,15,2020,1,5,2020,0,13,2024,3,2,2020,0,13,2024,4,3,2020,0,7,2022,1,5,2021,0,5,2024,1,13,2019,0,4,2021,0,17,2022,8,3,2025,0,5,2019,0,8,2021,2
Brighton,Premier League,"2, 3, 6, 3, 0","1, 1, 2, 1, 0",10.6,"N, V, D, V, N",N/A,32,2023,0,4,2021,2,23,2023,0,2,2024,1,25,2025,0,5,2021,1,11,2025,0,8,2021,1,8,2023,0,19,2021,2,4,2025,1,20,2023,0,4,2020,1,6,2022,0,13,2019,2
Burnley,Premier League,"3, 2, 5, 2, 5","1, 1, 4, 2, 2",1.0,"D, D, V, V, D",N/A,31,2023,1,12,2025,0,21,2024,3,2,2025,0,16,2024,7,5,2024,0,7,2022,1,14,2024,0,4,2024,1,25,2025,0,3,2022,0,14,2023,7,4,2025,0,5,2025,3,14,2024,0
Chelsea,Premier League,"3, 3, 3, 1, 3","1, 0, 2, 1, 0",17.400000000000002,"V, V, D, V, V",N/A,15,2024,10,4,2021,2,11,2023,0,2,2023,0,20,2024,1,4,2025,0,9,2020,1,7,2023,0,8,2024,0,13,2023,5,3,2023,0,23,2024,0,4,2022,1,5,2023,0,7,2025,2
Crystal Palace,Premier League,"3, 6, 1, 2, 0","1, 2, 1, 1, 0",7.4,"N, V, D, N, D",N/A,13,2025,0,4,2020,2,18,2017,0,2,2021,1,21,2024,0,4,2023,1,6,2024,0,6,2023,3,5,2024,0,12,2022,3,4,2021,1,9,2019,0,6,2019,1,5,2024,0,19,2020,3
Everton,Premier League,"3, 2, 3, 2, 2","1, 0, 2, 1, 1",5.8,"V, N, D, D, V",N/A,11,2016,2,4,2023,1,12,2017,0,2,2024,0,14,2018,7,4,2021,0,5,2024,0,8,2025,2,4,2020,0,17,2022,8,4,2025,0,10,2017,3,4,2024,0,7,2015,0,8,2022,2
Fulham,Premier League,"4, 1, 3, 3, 2","0, 0, 1, 1, 1",0.6000000000000001,"D, V, D, D, D",N/A,15,2024,0,5,2021,0,17,2018,1,1,2024,0,14,2019,3,4,2021,0,10,2022,0,8,2021,1,5,2023,0,14,2020,4,5,2021,0,13,2019,3,5,2021,0,5,2023,0,11,2023,5
Leeds,Premier League,"3, 2, 3, 3, 4","2, 1, 2, 1, 2",-4.200000000000001,"D, D, V, D, D",N/A,18,2018,1,6,2025,0,18,2023,8,1,2025,0,14,2023,7,3,2023,0,7,2023,3,6,2020,0,6,2022,1,17,2019,0,3,2025,0,13,2021,7,4,2023,0,5,2022,1,10,2025,0
Liverpool,Premier League,"3, 3, 5, 2, 3","1, 1, 3, 1, 2",-0.9999999999999996,"D, V, D, D, D",N/A,44,2025,0,7,2020,0,10,2024,1,1,2023,0,23,2021,7,4,2021,0,11,2021,1,5,2021,0,9,2021,0,10,2021,2,3,2023,0,15,2023,7,4,2021,0,7,2020,1,20,2021,0
Man City,Premier League,"1, 2, 1, 4, 3","1, 0, 1, 3, 2",17.0,"V, V, D, V, V",N/A,29,2019,2,6,2021,1,8,2023,0,1,2025,0,24,2020,2,3,2021,0,10,2019,2,6,2020,0,8,2019,0,10,2023,1,3,2023,0,21,2025,3,4,2021,0,7,2020,2,7,2024,0
Man United,Premier League,"2, 3, 6, 4, 4","2, 1, 2, 1, 1",9.4,"N, N, V, V, V",N/A,17,2020,7,4,2021,0,14,2019,4,2,2021,0,18,2024,10,4,2016,0,9,2024,4,6,2019,0,7,2018,3,14,2016,0,3,2018,2,12,2020,9,3,2022,0,5,2020,0,11,2019,2
Newcastle,Premier League,"2, 3, 3, 4, 4","0, 1, 1, 3, 1",-2.2,"D, D, V, D, V",N/A,14,2024,6,6,2023,0,14,2021,4,2,2023,0,17,2025,6,4,2023,0,11,2024,4,8,2023,0,8,2024,2,17,2018,0,3,2023,0,14,2025,4,4,2023,0,4,2025,0,14,2025,1
Nott'm Forest,Premier League,"2, 3, 2, 4, 4","0, 0, 2, 1, 2",4.2,"V, N, D, D, D",N/A,14,2019,2,4,2025,0,19,2025,19,2,2021,0,15,2023,5,4,2021,0,5,2025,2,11,2021,0,4,2022,2,17,2020,0,3,2023,0,12,2024,3,4,2021,0,3,2025,1,22,2021,0
Sunderland,Premier League,"2, 2, 3, 2, 4","2, 1, 2, 1, 1",7.0,"N, N, V, V, D",N/A,39,2019,4,5,2020,0,16,2019,3,2,2024,0,21,2019,5,5,2024,0,6,2023,1,9,2019,0,3,2025,1,25,2025,0,5,2024,2,12,2018,6,5,2025,0,4,2021,0,14,2025,2
Tottenham,Premier League,"3, 3, 3, 1, 4","2, 2, 2, 1, 1",3.799999999999999,"N, D, V, D, V",N/A,39,2024,1,4,2020,0,13,2025,2,1,2022,0,33,2024,1,4,2019,0,12,2024,1,5,2020,0,5,2024,1,12,2021,0,3,2015,1,16,2021,5,4,2015,0,5,2025,0,11,2019,2
West Ham,Premier League,"2, 2, 3, 4, 5","1, 1, 2, 3, 2",9.0,"V, V, D, D, D",N/A,13,2016,3,4,2024,0,19,2024,8,3,2015,0,28,2024,19,3,2021,0,13,2017,3,6,2025,0,6,2016,2,9,2025,0,5,2015,0,15,2017,7,4,2024,0,4,2023,3,9,2022,0
Wolves,Premier League,"2, 2, 5, 3, 3","1, 1, 4, 1, 0",-8.200000000000001,"D, D, D, D, N",N/A,18,2019,0,4,2020,0,22,2024,15,2,2021,0,26,2025,7,8,2022,0,7,2024,3,9,2022,0,3,2024,0,13,2023,2,3,2019,0,19,2024,0,6,2021,1,3,2024,0,12,2022,2
Airdrie Utd,SC1,"0, 4, 1, 3, 2","0, 2, 1, 1, 0",2.1999999999999997,"N, D, V, D, N",N/A,28,2023,1,3,2022,0,19,2025,2,1,2025,0,17,2022,2,3,2025,0,7,2024,0,8,2020,1,5,2023,0,16,2024,3,3,2022,1,18,2022,0,2,2025,1,5,2023,0,8,2023,3
Arbroath,SC1,"5, 4, 1, 3, 1","3, 1, 1, 1, 1",6.6000000000000005,"D, V, D, V, V",N/A,18,2025,0,4,2021,0,17,2024,1,2,2023,0,18,2025,0,3,2020,1,8,2024,0,12,2023,1,4,2024,0,18,2020,3,4,2023,0,13,2025,6,4,2021,0,5,2023,0,15,2023,4
Ayr,SC1,"3, 3, 0, 1, 6","1, 1, 0, 1, 3",2.1999999999999993,"N, D, N, D, V",N/A,10,2022,1,4,2025,0,12,2019,2,2,2020,0,13,2024,1,3,2019,0,6,2023,1,6,2024,0,3,2023,1,11,2022,0,3,2025,1,12,2024,2,5,2018,0,5,2024,1,9,2023,0
Dunfermline,SC1,"2, 4, 5, 1, 4","1, 2, 3, 1, 2",9.8,"N, V, D, V, V",N/A,15,2023,5,5,2019,0,13,2019,1,2,2025,0,10,2024,1,5,2025,0,8,2018,1,9,2025,0,6,2018,1,16,2025,0,3,2024,1,10,2020,5,5,2019,0,5,2017,1,14,2024,0
Morton,SC1,"2, 3, 4, 2, 1","1, 1, 4, 1, 1",5.0,"V, N, D, D, N",N/A,20,2020,2,4,2024,1,10,2023,0,2,2024,0,14,2020,0,3,2023,1,6,2023,0,6,2022,2,4,2019,0,21,2022,2,5,2021,0,10,2020,5,4,2024,0,4,2017,0,11,2025,2
Partick,SC1,"1, 3, 2, 5, 2","0, 1, 0, 2, 0",9.8,"N, V, D, V, V",N/A,17,2021,2,7,2021,0,24,2020,1,3,2021,0,19,2024,4,4,2023,0,8,2025,0,7,2021,1,4,2023,0,13,2024,1,3,2024,1,24,2024,0,4,2024,1,6,2021,0,11,2023,1
Queens Park,SC1,"5, 0, 0, 5, 3","3, 0, 0, 2, 2",5.0,"V, D, N, N, D",N/A,16,2021,1,8,2020,0,17,2019,2,2,2025,0,18,2019,2,2,2025,0,6,2021,2,9,2020,0,4,2023,0,21,2022,1,4,2023,0,17,2020,2,3,2024,0,8,2019,2,17,2021,0
Raith Rvs,SC1,"2, 2, 2, 2, 3","2, 1, 0, 1, 2",0.19999999999999996,"D, N, V, D, D",N/A,23,2019,3,4,2024,0,9,2023,2,2,2021,0,23,2019,7,3,2024,0,5,2019,1,7,2022,0,4,2021,0,14,2022,10,3,2023,0,18,2019,2,5,2021,0,6,2019,1,9,2022,0
Ross County,SC1,"0, 1, 5, 3, 6","0, 0, 3, 1, 3",4.199999999999999,"N, D, V, D, N",N/A,11,2022,1,3,2023,0,23,2024,4,2,2024,0,17,2021,3,3,2023,0,9,2025,3,6,2021,0,6,2019,1,12,2023,0,4,2024,1,9,2024,3,5,2022,0,4,2021,1,12,2023,0
St Johnstone,SC1,"0, 4, 4, 3, 4","0, 1, 4, 1, 2",13.0,"N, V, V, D, N",N/A,9,2025,4,6,2018,0,11,2024,1,2,2025,0,16,2024,4,5,2020,0,5,2024,4,8,2023,0,3,2019,1,15,2024,0,3,2024,1,12,2022,4,6,2020,0,3,2020,1,14,2023,0
Alloa,SC2,"2, 2, 0, 3, 4","1, 0, 0, 2, 1",19.8,"V, V, N, N, V",N/A,21,2025,2,3,2025,3,19,2021,0,1,2025,0,19,2021,2,4,2025,0,7,2024,2,6,2023,0,3,2021,1,16,2025,0,3,2024,0,15,2025,2,6,2022,0,8,2019,0,9,2023,1
Cove Rangers,SC2,"2, 1, 3, 3, 1","1, 0, 1, 2, 1",-1.8000000000000012,"D, D, V, D, D",N/A,22,2020,0,6,2021,0,12,2024,2,1,2025,0,18,2020,0,4,2023,1,6,2025,0,9,2021,1,5,2024,0,10,2024,9,3,2023,0,15,2024,3,5,2021,0,4,2022,0,9,2022,1
East Fife,SC2,"2, 2, 3, 2, 3","1, 0, 1, 0, 2",5.0,"D, N, V, N, V",N/A,10,2025,0,4,2024,0,17,2022,2,2,2022,0,22,2021,11,2,2025,0,10,2022,1,5,2025,0,4,2022,0,9,2023,5,3,2019,0,13,2021,1,5,2022,0,7,2019,1,9,2023,0
Hamilton,SC2,"4, 4, 3, 2, 3","1, 1, 1, 0, 2",13.0,"V, N, D, V, V",N/A,9,2024,8,5,2023,1,15,2019,0,1,2025,0,11,2019,8,4,2023,0,7,2024,1,6,2023,0,4,2024,0,11,2021,3,3,2022,0,10,2022,1,5,2023,0,4,2020,1,10,2021,0
Inverness C,SC2,"4, 4, 1, 1, 1","1, 3, 0, 0, 1",16.6,"V, V, V, N, D",N/A,16,2025,16,5,2017,3,11,2023,0,2,2018,0,17,2021,0,5,2021,3,4,2023,0,6,2021,3,3,2025,0,19,2023,3,7,2018,0,11,2019,1,5,2021,0,3,2024,0,10,2024,3
Kelty Hearts,SC2,"2, 4, 3, 3, 4","1, 3, 1, 2, 1",-3.4000000000000004,"N, D, D, N, D",N/A,19,2022,1,3,2024,0,10,2024,6,3,2023,0,11,2025,8,4,2023,0,7,2025,4,5,2024,0,5,2023,1,9,2022,0,3,2024,1,16,2025,16,4,2025,0,6,2025,0,9,2023,1
Montrose,SC2,"4, 4, 3, 1, 4","2, 1, 1, 0, 1",-9.0,"D, D, D, D, D",N/A,9,2022,0,3,2022,0,15,2023,7,2,2022,0,13,2023,1,3,2022,0,6,2024,1,6,2024,0,5,2020,1,8,2022,0,3,2025,0,12,2025,1,4,2021,0,4,2025,0,8,2019,4
Peterhead,SC2,"3, 3, 1, 3, 3","2, 2, 0, 2, 2",3.8000000000000003,"D, V, D, V, V",N/A,9,2024,0,4,2025,0,19,2022,3,2,2021,0,19,2022,2,3,2022,0,8,2025,2,7,2022,0,4,2022,0,15,2021,6,4,2024,0,15,2025,2,4,2021,0,7,2025,2,11,2021,0
Queen of Sth,SC2,"1, 3, 3, 2, 3","0, 2, 1, 1, 2",13.0,"V, N, V, D, V",N/A,15,2021,3,3,2024,1,16,2023,0,2,2017,0,17,2021,4,3,2023,0,12,2023,1,8,2019,0,6,2018,0,13,2019,10,2,2024,0,17,2022,4,4,2021,0,6,2023,1,13,2021,0
Stenhousemuir,SC2,"4, 1, 0, 2, 4","2, 0, 0, 1, 1",7.800000000000001,"N, N, N, V, V",N/A,25,2024,2,4,2023,0,19,2023,2,3,2024,0,23,2023,2,3,2024,0,13,2022,1,11,2022,0,6,2022,1,15,2022,0,8,2024,3,23,2023,2,5,2022,0,4,2020,0,12,2023,4
Annan Athletic,SC3,"4, 1, 2, 2, 3","3, 0, 1, 1, 1",-0.6,"D, D, N, V, V",N/A,25,2019,1,2,2023,0,17,2025,3,1,2025,0,27,2024,3,3,2024,0,8,2022,1,4,2021,0,5,2020,0,11,2021,4,2,2025,0,21,2024,3,6,2021,0,4,2024,0,14,2019,4
Clyde,SC3,"6, 4, 0, 4, 0","2, 1, 0, 2, 0",12.200000000000001,"N, V, N, N, V",N/A,31,2019,0,4,2024,1,21,2023,0,2,2023,1,24,2024,0,2,2024,1,8,2021,0,6,2019,1,4,2024,0,13,2023,1,4,2024,1,10,2024,0,3,2022,1,4,2024,0,8,2022,1
Dumbarton,SC3,"3, 4, 3, 4, 3","1, 2, 3, 2, 1",0.5999999999999998,"V, D, D, N, D",N/A,18,2025,18,5,2024,0,20,2024,16,1,2025,0,20,2025,18,4,2018,0,8,2025,5,8,2018,0,5,2025,0,14,2020,1,6,2024,0,18,2025,18,5,2021,0,6,2022,0,12,2021,1
East Kilbride,SC3,"4, 4, 3, 3, 2","3, 1, 3, 2, 1",9.799999999999999,"V, D, V, N, D",N/A,12,2025,12,1,2025,1,4,2025,0,0,N/A,0,10,2025,10,1,2025,0,4,2025,0,1,2025,1,4,2025,0,3,2025,3,2,2025,0,10,2025,10,1,2025,0,3,2025,0,2,2025,1
Edinburgh City,SC3,"2, 1, 4, 1, 4","1, 0, 3, 1, 1",3.800000000000001,"D, V, D, V, N",N/A,15,2024,13,4,2020,0,18,2024,1,1,2025,0,26,2024,1,3,2024,0,14,2024,1,6,2021,0,6,2024,1,14,2022,0,2,2024,0,16,2024,3,4,2018,0,5,2025,0,17,2020,2
Elgin,SC3,"5, 3, 3, 2, 4","2, 1, 3, 1, 1",12.200000000000001,"V, V, D, V, D",N/A,10,2022,2,3,2025,0,14,2023,1,1,2025,0,15,2021,7,2,2025,0,8,2018,1,5,2025,0,6,2018,1,12,2021,0,4,2024,0,20,2019,5,5,2024,0,4,2024,0,8,2024,2
Forfar,SC3,"2, 3, 0, 4, 2","1, 1, 0, 1, 1",-0.6000000000000008,"N, D, N, D, N",N/A,8,2021,2,4,2025,0,13,2025,2,2,2025,0,11,2019,2,4,2025,0,5,2018,0,11,2025,1,3,2022,0,15,2025,1,3,2023,1,9,2019,2,4,2025,0,4,2018,0,12,2020,6
Spartans,SC3,"5, 1, 3, 3, 2","2, 0, 3, 2, 1",8.2,"N, V, V, D, V",N/A,12,2024,3,4,2024,0,6,2025,6,1,2025,0,9,2024,3,3,2024,0,7,2024,0,8,2024,1,4,2023,0,10,2024,4,3,2023,1,4,2025,3,4,2023,0,3,2025,0,8,2024,1
Stirling,SC3,"6, 4, 2, 1, 2","2, 2, 1, 1, 1",-5.0,"D, D, N, N, D",N/A,16,2021,0,2,2025,0,12,2025,7,1,2025,0,21,2025,1,4,2019,0,7,2025,0,6,2022,3,4,2025,0,17,2019,3,4,2019,0,11,2024,7,4,2019,0,7,2025,0,18,2019,3
Stranraer,SC3,"3, 1, 4, 4, 0","1, 0, 3, 1, 0",12.600000000000001,"N, V, V, D, V",N/A,10,2022,0,4,2021,1,14,2024,0,2,2024,1,15,2024,0,4,2023,1,8,2022,0,9,2023,1,6,2022,0,12,2024,1,6,2020,1,17,2024,0,4,2025,1,9,2023,0,11,2023,2
Aberdeen,Scottish Premiership,"4, 1, 3, 1, 2","3, 0, 1, 1, 0",9.4,"N, V, D, V, V",N/A,19,2024,5,5,2024,0,16,2022,1,2,2024,0,14,2024,1,7,2021,0,5,2024,0,13,2021,2,5,2023,0,15,2021,4,3,2022,1,8,2019,0,4,2024,1,4,2020,0,11,2021,4
Celtic,Scottish Premiership,"5, 2, 4, 4, 4","2, 2, 2, 2, 1",14.6,"V, V, D, D, V",N/A,31,2020,3,6,2024,2,7,2024,0,2,2019,0,28,2024,5,4,2021,0,14,2020,3,5,2021,0,5,2023,3,11,2019,0,3,2021,0,21,2025,5,4,2025,0,9,2025,0,10,2019,1
Dundee,Scottish Premiership,"4, 2, 3, 4, 3","3, 2, 1, 2, 2",-5.0,"D, D, D, V, D",N/A,18,2021,0,5,2020,0,23,2025,3,2,2024,0,17,2021,5,4,2021,0,6,2025,3,10,2020,0,5,2021,0,10,2020,1,3,2023,0,18,2021,9,4,2021,0,8,2024,2,8,2024,0
Dundee United,Scottish Premiership,"2, 4, 4, 2, 2","1, 1, 2, 1, 2",3.4,"N, D, V, N, N",N/A,15,2023,1,5,2019,0,13,2023,6,2,2022,0,16,2025,16,3,2025,0,5,2023,0,9,2021,2,3,2025,0,21,2019,2,3,2021,1,17,2025,17,4,2022,0,5,2023,1,10,2022,0
Falkirk,Scottish Premiership,"3, 3, 4, 4, 2","1, 1, 2, 3, 1",7.800000000000001,"N, V, D, V, V",N/A,27,2024,2,4,2025,0,12,2021,9,2,2023,0,15,2022,9,3,2023,0,10,2023,0,9,2018,1,4,2024,0,14,2021,1,3,2024,1,12,2022,8,5,2017,0,6,2025,0,12,2021,1
Hearts,Scottish Premiership,"3, 4, 4, 4, 2","1, 2, 2, 2, 2",13.4,"N, V, N, V, V",N/A,20,2021,16,5,2021,0,11,2023,1,1,2025,0,11,2021,5,3,2025,0,7,2021,0,8,2023,1,7,2021,0,15,2019,1,3,2024,1,9,2021,5,3,2024,0,4,2025,4,8,2023,0
Hibernian,Scottish Premiership,"4, 3, 1, 4, 3","1, 1, 1, 2, 1",11.8,"V, N, D, V, V",N/A,14,2023,2,4,2022,1,15,2019,0,3,2022,0,24,2024,2,4,2020,0,8,2024,2,7,2022,0,4,2025,0,21,2021,1,5,2025,0,15,2025,5,4,2022,0,6,2025,0,10,2021,1
Kilmarnock,Scottish Premiership,"3, 4, 1, 4, 4","1, 2, 1, 3, 1",-9.0,"D, D, D, D, D",N/A,15,2024,0,4,2021,0,19,2020,5,1,2025,0,12,2022,2,5,2023,0,8,2020,2,8,2021,0,3,2024,2,12,2019,0,4,2025,0,14,2023,7,5,2019,0,4,2024,0,16,2025,1
Livingston,Scottish Premiership,"2, 4, 3, 4, 2","1, 1, 1, 2, 1",-1.0,"N, N, D, D, N",N/A,12,2024,3,4,2024,0,11,2021,7,2,2024,0,12,2023,7,3,2023,0,5,2024,0,7,2023,1,3,2018,0,13,2024,1,3,2025,2,12,2023,7,5,2020,0,4,2025,0,21,2022,1
Motherwell,Scottish Premiership,"5, 3, 3, 2, 2","2, 1, 1, 1, 0",7.800000000000001,"N, V, V, D, D",N/A,19,2023,9,3,2023,0,14,2024,1,1,2025,0,13,2023,9,3,2023,0,6,2024,0,5,2023,2,3,2022,0,14,2019,4,6,2025,1,12,2021,0,3,2023,1,7,2024,0,11,2021,4
Rangers,Scottish Premiership,"2, 4, 4, 1, 3","1, 1, 2, 1, 2",19.400000000000002,"V, V, V, N, N",N/A,35,2021,6,8,2020,2,10,2025,0,1,2025,0,25,2025,1,3,2020,0,10,2024,1,6,2022,0,4,2022,0,11,2020,2,5,2025,0,31,2024,7,3,2021,0,5,2021,1,8,2025,0
St Mirren,Scottish Premiership,"2, 1, 4, 4, 3","2, 0, 2, 2, 1",-5.8,"D, N, D, D, D",N/A,16,2018,0,4,2022,0,11,2025,5,2,2022,0,16,2023,3,3,2022,0,9,2024,3,8,2023,0,4,2025,0,17,2024,1,4,2021,0,10,2023,3,5,2022,0,6,2024,0,15,2019,1
Atalanta,Serie A,"0, 2, 2, 1, 3","0, 0, 2, 1, 1",-3.8000000000000003,"D, D, N, N, N",N/A,25,2020,0,5,2025,0,13,2023,4,2,2022,0,35,2024,1,3,2022,0,9,2020,1,6,2025,0,5,2020,0,8,2025,8,5,2025,0,17,2024,3,5,2022,0,6,2024,0,13,2023,2
Bologna,Serie A,"2, 4, 0, 4, 2","1, 1, 0, 2, 0",16.2,"V, V, N, N, V",N/A,12,2020,2,4,2024,1,41,2020,0,3,2023,0,15,2020,2,4,2022,0,11,2019,0,7,2022,1,4,2025,0,16,2022,1,5,2021,0,23,2021,0,6,2022,1,4,2024,0,11,2024,1
Cagliari,Serie A,"2, 4, 3, 2, 0","1, 1, 0, 0, 0",-1.4000000000000004,"N, D, D, N, D",N/A,16,2019,0,3,2023,1,17,2022,0,2,2023,1,17,2020,0,3,2024,1,7,2023,0,9,2021,2,4,2021,0,20,2019,3,5,2022,1,12,2024,0,5,2021,3,4,2020,0,12,2025,7
Como,Serie A,"2, 0, 4, 0, 0","1, 0, 2, 0, 0",12.200000000000001,"N, N, V, N, V",N/A,14,2025,0,4,2025,2,16,2024,0,2,2025,2,20,2025,0,3,2023,2,4,2024,0,7,2022,2,4,2024,0,10,2025,2,4,2023,2,12,2024,0,3,2024,2,3,2024,0,10,2025,2
Cremonese,Serie A,"2, 2, 2, 3, 1","1, 0, 1, 1, 0",-0.6000000000000001,"D, D, V, N, N",N/A,10,2025,0,5,2023,0,15,2023,2,2,2025,0,13,2023,0,4,2024,1,6,2025,0,11,2019,1,4,2025,0,17,2020,5,3,2025,0,9,2024,0,5,2019,1,4,2024,0,9,2021,5
Fiorentina,Serie A,"3, 4, 3, 1, 4","0, 1, 0, 1, 2",-3.4000000000000004,"N, D, D, N, D",N/A,11,2023,1,3,2023,0,11,2021,6,2,2022,0,13,2023,1,5,2019,0,6,2024,1,7,2018,0,5,2023,1,19,2023,0,5,2018,1,10,2021,2,3,2022,0,5,2021,1,10,2024,0
Genoa,Serie A,"0, 3, 2, 3, 4","0, 1, 1, 1, 2",2.6,"N, V, D, D, N",N/A,12,2021,2,6,2023,0,13,2021,4,3,2022,0,17,2020,4,5,2022,0,8,2020,2,9,2022,0,4,2020,1,20,2023,0,7,2022,1,15,2018,4,4,2022,0,4,2021,1,11,2024,0
Inter,Serie A,"1, 4, 3, 3, 2","1, 1, 0, 2, 1",16.599999999999998,"V, V, V, D, V",N/A,42,2024,15,6,2021,1,8,2021,0,1,2023,0,23,2021,4,6,2019,0,12,2022,0,9,2019,1,10,2021,0,12,2021,3,3,2024,0,23,2024,2,3,2021,0,5,2021,0,13,2019,1
Juventus,Serie A,"2, 1, 4, 3, 0","1, 1, 2, 1, 0",9.4,"N, V, V, D, D",N/A,33,2020,0,8,2023,1,20,2021,0,3,2024,1,46,2021,0,4,2024,1,11,2020,0,9,2022,1,6,2020,0,19,2024,2,6,2024,1,13,2021,0,5,2023,1,4,2024,0,11,2023,2
Lazio,Serie A,"0, 1, 0, 2, 2","0, 1, 0, 0, 1",7.800000000000001,"D, V, N, V, N",N/A,19,2021,0,6,2023,0,10,2024,1,1,2025,0,25,2021,2,4,2023,0,12,2020,0,9,2023,5,3,2022,0,12,2023,5,4,2018,0,17,2020,1,5,2023,0,10,2019,0,12,2024,5
Lecce,Serie A,"0, 5, 1, 1, 0","0, 2, 0, 1, 0",6.200000000000001,"N, V, D, D, N",N/A,15,2019,0,3,2025,2,23,2024,0,2,2025,1,13,2020,0,4,2025,3,11,2020,0,7,2025,3,4,2025,0,22,2023,3,4,2023,1,11,2022,0,3,2024,1,4,2022,0,7,2024,3
Milan,Serie A,"3, 4, 2, 1, 4","0, 1, 2, 1, 3",8.600000000000001,"N, V, N, N, V",N/A,38,2021,5,6,2022,0,10,2018,1,2,2022,0,40,2021,1,5,2022,0,11,2024,1,7,2023,0,5,2024,1,14,2019,0,3,2018,1,16,2022,4,6,2018,0,5,2021,1,10,2021,0
Napoli,Serie A,"1, 4, 1, 0, 2","1, 1, 0, 0, 0",5.800000000000001,"D, N, V, V, D",N/A,34,2021,0,5,2019,0,16,2024,1,2,2019,0,19,2021,1,3,2024,0,6,2019,0,6,2023,3,5,2023,0,15,2024,3,3,2025,0,10,2025,0,4,2023,3,4,2019,0,12,2021,6
Parma,Serie A,"0, 0, 3, 4, 4","0, 0, 0, 2, 3",-1.4,"N, D, D, N, N",N/A,13,2020,3,4,2024,0,16,2020,3,2,2025,0,21,2021,3,3,2025,0,12,2020,3,9,2022,0,5,2024,2,12,2019,0,5,2025,1,12,2023,2,4,2018,0,8,2024,2,11,2019,0
Pisa,Serie A,"0, 4, 0, 4, 1","0, 1, 0, 4, 0",10.6,"V, N, N, N, N",N/A,28,2024,2,5,2022,1,12,2022,0,2,2024,0,18,2024,0,3,2020,1,6,2021,0,10,2021,1,5,2021,0,18,2023,1,4,2025,0,18,2024,0,3,2020,1,5,2021,0,12,2023,1
Roma,Serie A,"1, 1, 3, 1, 2","1, 1, 0, 1, 1",9.8,"V, D, V, V, D",N/A,24,2025,1,3,2025,1,10,2018,0,1,2024,0,23,2020,1,4,2025,0,9,2024,0,8,2025,2,4,2020,0,12,2025,12,3,2022,0,12,2020,2,4,2023,0,5,2020,0,10,2023,5
Sassuolo,Serie A,"0, 1, 3, 3, 3","0, 1, 0, 1, 1",9.0,"V, D, V, D, N",N/A,19,2025,3,5,2025,1,26,2023,0,2,2022,0,26,2022,3,3,2025,0,13,2021,3,6,2025,0,5,2021,0,8,2025,6,3,2024,0,26,2022,2,3,2024,0,5,2023,0,8,2024,6
Torino,Serie A,"1, 3, 0, 4, 0","1, 1, 0, 4, 0",9.0,"N, N, N, V, V",N/A,12,2025,0,6,2019,1,11,2020,0,2,2024,1,11,2020,0,4,2019,1,6,2020,0,10,2025,1,4,2024,0,23,2024,1,5,2021,3,11,2023,0,5,2024,1,3,2019,0,12,2023,1
Udinese,Serie A,"2, 5, 4, 1, 2","1, 2, 2, 1, 1",3.800000000000001,"D, V, D, V, N",N/A,10,2024,0,3,2025,0,13,2021,1,2,2025,0,11,2024,1,6,2019,0,5,2023,0,7,2020,2,4,2023,0,20,2024,2,4,2023,0,11,2024,10,3,2024,0,3,2024,0,11,2024,2
Verona,Serie A,"0, 4, 4, 3, 0","0, 1, 2, 2, 0",-0.20000000000000007,"N, D, D, N, N",N/A,12,2020,0,2,2025,1,23,2023,0,1,2025,1,14,2020,0,4,2023,1,6,2024,0,9,2025,1,6,2021,0,15,2025,2,3,2025,1,13,2022,0,4,2025,1,3,2024,0,11,2025,1
Avellino,Serie B,"2, 4, 2, 7, 3","2, 0, 2, 2, 2",1.4000000000000004,"D, V, N, D, D",N/A,5,2025,0,1,2025,0,5,2025,5,1,2025,0,6,2025,5,1,2025,0,2,2025,2,2,2025,0,1,2025,0,3,2025,1,2,2025,0,4,2025,3,1,2025,0,3,2025,3,2,2025,0
Bari,Serie B,"3, 4, 1, 1, 2","0, 2, 0, 0, 2",10.600000000000001,"N, V, V, D, V",N/A,11,2024,7,4,2023,0,12,2024,1,2,2024,0,11,2024,1,4,2023,0,4,2025,0,8,2023,3,2,2024,0,10,2024,3,6,2024,1,7,2025,1,4,2022,0,4,2025,1,10,2024,0
Carrarese,Serie B,"4, 5, 3, 2, 2","1, 2, 1, 1, 0",-0.1999999999999999,"N, D, D, V, N",N/A,4,2025,1,3,2024,0,11,2025,5,2,2024,0,6,2025,6,3,2024,0,4,2025,0,5,2024,2,3,2025,0,8,2025,3,2,2025,1,7,2025,0,3,2024,1,3,2025,0,10,2025,3
Catanzaro,Serie B,"1, 1, 4, 3, 1","1, 1, 1, 0, 0",7.4,"D, V, V, V, D",N/A,7,2024,0,3,2024,0,10,2024,3,2,2024,0,10,2025,0,2,2025,1,6,2025,0,5,2025,1,3,2025,0,11,2023,2,7,2025,0,17,2024,0,2,2025,2,4,2024,0,7,2025,5
Cesena,Serie B,"3, 1, 3, 1, 3","3, 1, 1, 0, 2",13.4,"V, D, V, V, V",N/A,13,2025,1,2,2025,1,8,2025,0,1,2025,0,8,2025,1,2,2025,0,3,2025,1,5,2024,0,3,2024,0,14,2025,6,2,2025,0,7,2025,1,3,2025,0,3,2024,1,8,2025,0
Empoli,Serie B,"2, 3, 2, 1, 1","2, 2, 0, 0, 0",4.199999999999999,"V, D, N, D, N",N/A,20,2021,1,4,2021,1,20,2019,0,1,2025,0,14,2021,0,3,2024,2,10,2018,0,7,2020,3,4,2022,0,21,2024,7,5,2021,0,21,2021,0,4,2020,3,5,2018,0,16,2024,3
Frosinone,Serie B,"1, 2, 4, 2, 4","1, 1, 1, 1, 1",11.8,"N, V, V, N, D",N/A,11,2025,4,6,2020,0,15,2024,1,2,2023,0,12,2025,4,4,2020,0,6,2024,1,10,2020,0,5,2023,1,13,2025,0,4,2024,1,15,2022,6,5,2021,0,6,2023,0,10,2022,5
Juve Stabia,Serie B,"3, 2, 4, 3, 1","1, 2, 2, 1, 1",7.3999999999999995,"V, D, N, V, D",N/A,9,2020,1,3,2024,1,19,2024,0,2,2025,0,12,2019,0,3,2024,1,9,2020,0,5,2025,1,3,2020,0,14,2025,2,4,2025,0,8,2025,8,4,2025,0,3,2025,0,11,2025,2
Mantova,Serie B,"2, 1, 4, 1, 1","1, 0, 1, 0, 0",9.8,"V, V, D, D, N",N/A,8,2025,3,2,2025,2,15,2025,0,1,2025,0,11,2025,0,4,2024,2,6,2025,0,6,2024,2,3,2024,0,7,2025,2,2,2025,0,11,2025,0,6,2024,2,3,2025,0,7,2025,6
Modena,Serie B,"2, 3, 1, 3, 4","1, 2, 1, 1, 1",8.6,"N, V, D, V, N",N/A,14,2023,2,2,2025,0,11,2025,1,2,2023,0,15,2024,2,4,2024,0,8,2025,2,7,2024,0,3,2024,1,10,2023,0,5,2024,1,8,2025,5,6,2023,0,5,2024,0,7,2025,3
Monza,Serie B,"1, 4, 3, 1, 2","1, 4, 1, 0, 1",22.2,"V, V, V, V, V",N/A,17,2022,7,4,2021,3,16,2025,0,2,2024,0,10,2025,1,3,2024,0,7,2025,0,5,2024,2,3,2022,0,11,2025,3,3,2023,0,9,2023,1,4,2021,0,3,2024,0,9,2023,3
Padova,Serie B,"1, 4, 2, 2, 1","1, 2, 1, 1, 0",0.20000000000000018,"D, N, N, N, V",N/A,8,2025,0,2,2019,0,7,2018,4,2,2019,0,6,2018,0,2,2025,1,4,2018,0,9,2019,3,2,2018,0,18,2019,3,3,2025,0,8,2018,0,2,2019,1,2,2019,0,8,2018,3
Palermo,Serie B,"2, 1, 3, 5, 1","1, 1, 1, 1, 1",1.4000000000000001,"D, V, D, D, N",N/A,23,2025,0,3,2025,0,10,2024,1,1,2025,0,15,2024,0,3,2023,1,7,2025,0,7,2024,1,4,2023,0,15,2025,1,5,2023,0,10,2024,6,3,2022,0,6,2023,0,14,2025,14
Pescara,Serie B,"4, 2, 2, 5, 2","1, 0, 2, 1, 1",-4.2,"D, D, N, N, N",N/A,10,2025,0,2,2021,0,15,2020,8,2,2019,0,21,2019,14,4,2020,0,7,2025,0,6,2021,1,2,2025,0,9,2020,1,4,2019,0,10,2020,3,4,2020,0,3,2020,0,8,2025,2
Reggiana,Serie B,"4, 4, 1, 7, 0","2, 4, 1, 2, 0",6.6,"N, D, V, D, V",N/A,11,2024,0,3,2024,1,19,2025,0,2,2024,1,11,2025,0,3,2024,1,7,2025,0,9,2024,1,2,2025,0,14,2021,1,3,2025,1,8,2025,0,3,2024,1,4,2025,0,9,2024,1
Sampdoria,Serie B,"4, 2, 2, 1, 4","2, 1, 0, 0, 2",-5.0,"D, D, N, N, D",N/A,13,2024,1,2,2025,0,22,2023,6,1,2025,0,31,2020,1,3,2025,0,10,2021,1,5,2025,0,4,2021,1,17,2023,0,4,2025,0,13,2020,1,4,2024,0,5,2022,1,8,2023,0
Spezia,Serie B,"3, 4, 2, 1, 2","3, 0, 1, 0, 2",2.1999999999999997,"N, D, N, V, D",N/A,17,2020,1,4,2024,0,27,2021,3,2,2024,0,20,2021,1,4,2020,0,6,2022,0,6,2024,3,6,2021,0,11,2024,3,3,2023,1,11,2022,1,3,2023,0,4,2022,1,12,2019,0
Sudtirol,Serie B,"2, 1, 3, 2, 2","1, 1, 2, 1, 0",-1.0,"N, N, D, D, N",N/A,12,2022,2,3,2024,0,12,2025,12,2,2023,0,10,2025,3,5,2023,0,4,2024,0,9,2023,2,3,2022,0,24,2023,7,5,2022,2,10,2024,0,4,2024,1,3,2025,0,14,2023,2
Venezia,Serie B,"2, 5, 3, 3, 4","2, 2, 2, 0, 2",8.999999999999998,"V, D, V, D, N",N/A,15,2024,6,3,2025,0,24,2022,2,2,2025,0,14,2022,6,3,2023,0,6,2024,4,9,2025,0,5,2024,1,12,2019,0,4,2025,0,10,2023,1,11,2025,0,4,2025,1,17,2025,0
Virtus Entella,Serie B,"4, 2, 4, 1, 0","2, 0, 1, 0, 0",8.600000000000001,"N, V, D, N, V",N/A,11,2019,0,3,2021,2,12,2025,0,3,2021,1,7,2025,0,3,2021,2,6,2020,0,7,2021,2,2,2021,0,12,2021,2,4,2021,1,7,2020,0,4,2021,2,2,2021,0,9,2020,4
AEK,Super League (Grèce),"5, 2, 2, 1, 1","3, 1, 1, 0, 0",11.0,"V, V, D, D, V",N/A,28,2024,2,7,2019,2,9,2022,0,2,2023,0,14,2024,0,4,2020,2,8,2024,0,7,2024,4,4,2024,0,20,2022,4,2,2023,0,11,2023,0,5,2021,2,5,2021,0,9,2025,4
Aris,Super League (Grèce),"3, 2, 2, 3, 0","1, 1, 1, 0, 0",0.9999999999999996,"N, D, N, N, D",N/A,16,2024,0,4,2025,1,11,2020,0,3,2021,1,12,2019,0,5,2021,1,7,2023,0,9,2022,1,3,2020,0,24,2022,10,3,2021,1,10,2023,0,5,2021,2,5,2023,0,15,2021,7
Asteras Tripolis,Super League (Grèce),"3, 4, 2, 3, 0","1, 1, 1, 1, 0",8.200000000000001,"N, V, D, N, D",N/A,11,2020,0,5,2022,2,11,2024,0,2,2022,1,11,2024,0,4,2023,1,7,2024,0,7,2024,1,2,2025,0,24,2019,3,4,2022,1,9,2023,0,6,2018,1,5,2023,0,11,2019,5
Atromitos,Super League (Grèce),"1, 4, 4, 3, 1","0, 3, 2, 0, 1",-1.4000000000000004,"D, D, V, N, D",N/A,11,2018,0,5,2018,0,13,2024,9,1,2025,0,18,2022,0,5,2020,1,3,2025,0,10,2023,1,2,2025,0,26,2023,2,3,2024,0,16,2022,1,4,2020,0,4,2019,0,10,2023,2
Kifisia,Super League (Grèce),"5, 4, 2, 3, 4","3, 1, 2, 0, 1",1.4,"D, V, N, N, D",N/A,6,2025,6,1,2024,0,16,2025,16,1,2024,0,8,2024,6,1,2025,0,5,2024,2,3,2023,0,3,2025,1,6,2023,0,4,2024,0,10,2024,1,2,2023,0,2,2024,0,6,2023,2
Larisa,Super League (Grèce),"7, 2, 2, 2, 3","3, 2, 2, 1, 1",-3.0000000000000004,"D, D, V, D, D",N/A,7,2021,0,3,2020,0,9,2019,2,3,2020,0,9,2025,9,4,2021,0,5,2020,1,7,2021,0,1,2025,0,14,2019,4,4,2025,0,10,2019,6,4,2020,0,3,2025,0,15,2020,2
Levadeiakos,Super League (Grèce),"6, 4, 2, 2, 7","4, 3, 1, 1, 3",15.4,"V, V, N, N, V",N/A,8,2023,7,2,2025,0,15,2024,1,2,2023,0,13,2019,7,7,2019,0,5,2024,1,13,2019,0,4,2025,1,20,2019,0,5,2024,0,7,2025,7,5,2022,0,4,2024,1,15,2023,0
OFI Crete,Super League (Grèce),"3, 6, 4, 3, 1","1, 0, 2, 1, 0",-6.6000000000000005,"D, D, D, D, V",N/A,9,2019,0,4,2025,0,18,2024,4,2,2024,0,12,2024,0,3,2018,1,7,2025,0,5,2023,1,5,2024,0,15,2021,2,5,2021,0,11,2020,0,3,2022,1,5,2024,0,13,2019,2
Olympiakos,Super League (Grèce),"3, 2, 2, 3, 4","1, 2, 1, 0, 1",17.4,"V, V, V, V, D",N/A,33,2025,33,7,2023,0,8,2022,2,2,2022,0,20,2019,10,3,2024,0,6,2024,2,7,2018,0,5,2019,1,15,2019,0,2,2024,0,14,2019,1,5,2025,0,4,2023,0,9,2018,3
PAOK,Super League (Grèce),"3, 2, 3, 5, 3","1, 1, 0, 2, 2",13.4,"D, V, V, V, V",N/A,51,2020,6,5,2020,0,9,2021,1,2,2020,0,27,2019,6,5,2020,0,11,2024,3,7,2022,0,3,2024,0,26,2022,1,3,2022,0,15,2022,2,4,2020,0,4,2025,2,15,2020,0
Panathinaikos,Super League (Grèce),"1, 2, 2, 1, 3","0, 1, 1, 1, 2",8.6,"V, D, V, N, V",N/A,20,2024,1,8,2023,0,11,2025,2,2,2023,0,22,2024,1,4,2022,0,7,2023,1,9,2019,0,4,2023,0,28,2023,7,3,2021,0,10,2024,4,7,2023,0,6,2023,1,15,2019,0
Panetolikos,Super League (Grèce),"6, 6, 2, 1, 3","4, 0, 2, 0, 1",9.4,"V, D, N, V, D",N/A,9,2024,1,4,2022,1,11,2022,0,1,2025,0,11,2019,1,5,2022,0,8,2021,1,11,2025,0,2,2025,0,41,2025,3,3,2020,0,13,2023,1,5,2022,0,6,2021,0,16,2021,2
Panserraikos,Super League (Grèce),"3, 3, 2, 5, 7","1, 1, 2, 2, 3",-7.4,"D, D, D, D, V",N/A,11,2024,1,2,2024,0,13,2025,13,1,2024,0,10,2025,8,3,2025,0,5,2024,2,4,2025,0,2,2025,2,8,2025,0,3,2023,0,9,2025,7,3,2025,0,3,2025,3,6,2025,0
Volos NFC,Super League (Grèce),"7, 3, 3, 1, 1","3, 1, 0, 1, 1",14.200000000000001,"V, V, D, V, V",N/A,9,2022,2,2,2025,2,19,2023,0,1,2025,0,18,2023,0,3,2024,2,7,2021,0,5,2025,2,3,2022,0,12,2025,4,3,2024,0,9,2022,2,3,2025,0,2,2025,0,13,2025,4
Alanyaspor,Süper Lig (Turquie),"4, 1, 2, 0, 2","1, 0, 0, 0, 1",4.6000000000000005,"N, N, D, V, N",N/A,14,2019,1,3,2024,0,11,2024,1,2,2023,0,18,2022,1,3,2019,0,8,2023,0,7,2019,4,5,2023,0,17,2025,4,5,2024,2,10,2022,1,3,2025,0,3,2023,0,13,2025,13
Antalyaspor,Süper Lig (Turquie),"7, 5, 4, 1, 4","3, 3, 2, 0, 2",-0.9999999999999996,"D, V, D, D, D",N/A,11,2022,2,3,2022,0,10,2024,1,2,2022,0,12,2025,1,3,2022,0,6,2025,1,11,2021,0,3,2025,1,14,2019,0,7,2021,0,20,2019,1,3,2025,0,5,2023,1,8,2023,0
Besiktas,Süper Lig (Turquie),"3, 2, 2, 5, 4","0, 1, 2, 4, 2",7.3999999999999995,"V, D, N, V, D",N/A,25,2021,8,5,2021,0,16,2022,3,1,2025,0,20,2024,16,2,2024,0,7,2024,2,8,2024,0,5,2023,2,13,2024,0,3,2022,0,11,2021,4,3,2020,0,4,2025,3,10,2024,0
Buyuksehyr,Süper Lig (Turquie),"3, 0, 4, 1, 3","1, 0, 2, 0, 1",8.6,"D, V, V, N, D",N/A,15,2020,3,6,2022,0,10,2021,1,2,2021,0,12,2019,1,4,2018,0,7,2021,1,6,2018,0,5,2025,0,21,2019,2,3,2018,0,15,2021,1,4,2024,0,4,2024,0,12,2018,2
Eyupspor,Süper Lig (Turquie),"1, 2, 2, 1, 1","0, 1, 1, 0, 0",-5.0,"D, D, D, V, D",N/A,11,2024,0,3,2025,0,9,2025,3,1,2025,0,8,2025,0,3,2025,2,8,2025,0,9,2025,9,2,2025,0,11,2025,11,2,2024,0,8,2025,0,3,2025,2,3,2025,0,10,2025,10
Fenerbahce,Süper Lig (Turquie),"0, 3, 4, 5, 6","0, 2, 2, 4, 2",20.6,"V, V, V, V, N",N/A,18,2022,4,5,2024,0,16,2020,2,2,2020,0,24,2023,4,2,2021,0,9,2023,4,5,2021,0,5,2025,3,14,2021,0,3,2019,0,14,2021,4,3,2021,0,7,2021,4,8,2021,0
Galatasaray,Süper Lig (Turquie),"2, 3, 4, 0, 1","1, 1, 2, 0, 1",5.800000000000001,"D, N, V, V, N",N/A,26,2023,0,7,2025,0,11,2022,1,2,2019,0,18,2025,0,4,2022,2,11,2023,0,6,2019,2,5,2024,0,8,2023,2,3,2019,0,13,2024,1,5,2018,0,6,2024,0,11,2018,2
Gaziantep,Süper Lig (Turquie),"2, 5, 4, 0, 4","0, 3, 2, 0, 2",5.800000000000001,"N, N, D, V, V",N/A,26,2021,1,2,2025,0,13,2019,1,2,2021,0,14,2021,1,3,2024,0,6,2025,1,5,2021,0,4,2021,1,15,2021,0,4,2020,2,8,2020,1,6,2021,0,6,2024,1,12,2021,0
Genclerbirligi,Süper Lig (Turquie),"4, 3, 3, 1, 3","1, 0, 2, 1, 1",3.0,"V, D, D, V, N",N/A,9,2021,1,2,2020,0,23,2025,6,1,2021,0,14,2025,1,2,2025,0,7,2019,1,4,2020,0,5,2019,0,13,2021,4,2,2025,0,9,2025,3,3,2020,0,4,2021,0,8,2021,2
Goztep,Süper Lig (Turquie),"1, 1, 4, 1, 2","1, 0, 2, 1, 0",11.0,"V, V, D, D, V",N/A,12,2025,3,3,2025,2,27,2021,0,2,2019,0,21,2022,1,5,2019,0,9,2020,0,7,2019,2,5,2020,0,11,2025,2,3,2025,0,12,2022,0,4,2019,1,4,2025,0,14,2021,2
Karagumruk,Süper Lig (Turquie),"2, 3, 4, 1, 2","0, 2, 1, 0, 2",3.3999999999999995,"V, D, N, D, D",N/A,17,2023,1,3,2021,1,24,2025,0,1,2023,0,18,2023,1,2,2023,0,8,2025,0,6,2023,2,5,2024,0,11,2024,2,4,2023,0,23,2023,1,3,2023,0,6,2023,1,8,2021,0
Kasimpasa,Süper Lig (Turquie),"2, 2, 2, 5, 2","1, 1, 2, 3, 0",-5.800000000000001,"D, D, N, D, N",N/A,14,2022,0,3,2020,0,16,2023,7,1,2025,0,17,2020,7,2,2025,0,10,2025,0,6,2020,1,8,2025,0,8,2021,1,3,2024,0,14,2021,0,4,2023,1,6,2020,0,8,2021,1
Kayserispor,Süper Lig (Turquie),"4, 4, 4, 5, 6","1, 1, 1, 3, 2",1.4000000000000004,"D, V, N, D, D",N/A,17,2020,4,3,2025,0,20,2019,17,2,2021,0,17,2025,17,2,2024,0,7,2024,5,7,2020,0,5,2025,5,12,2021,0,4,2020,0,14,2023,7,5,2020,0,7,2023,2,12,2021,0
Kocaelispor,Süper Lig (Turquie),"1, 5, 2, 1, 1","0, 1, 0, 0, 1",13.0,"V, D, V, V, V",N/A,5,2025,1,1,2025,1,7,2025,0,0,N/A,0,5,2025,0,2,2025,2,1,2025,0,3,2025,3,1,2025,0,3,2025,3,1,2025,0,2,2025,1,2,2025,0,2,2025,0,5,2025,5
Konyaspor,Süper Lig (Turquie),"5, 2, 3, 4, 2","1, 1, 2, 2, 2",-4.200000000000001,"D, D, V, D, D",N/A,18,2022,0,6,2022,0,14,2023,10,2,2022,0,15,2025,15,5,2022,0,9,2022,0,6,2019,1,4,2020,0,9,2022,1,6,2019,0,15,2022,9,8,2018,0,4,2023,3,14,2019,0
Rizespor,Süper Lig (Turquie),"3, 0, 2, 1, 4","3, 0, 2, 0, 2",7.800000000000001,"N, V, N, N, D",N/A,18,2019,3,2,2024,0,16,2025,1,1,2025,0,15,2025,1,2,2025,0,7,2025,1,6,2025,0,3,2025,1,10,2021,0,4,2018,1,15,2021,1,3,2024,0,4,2022,1,13,2019,0
Samsunspor,Süper Lig (Turquie),"0, 4, 2, 4, 1","0, 1, 2, 2, 0",16.6,"V, V, N, V, N",N/A,11,2024,4,2,2025,1,9,2023,0,1,2025,0,9,2024,0,2,2025,1,4,2024,0,7,2024,1,4,2024,0,17,2024,1,3,2024,0,11,2024,0,3,2023,1,4,2023,0,14,2025,1
Trabzonspor,Süper Lig (Turquie),"4, 3, 2, 0, 2","1, 3, 1, 0, 1",11.4,"N, N, V, V, V",N/A,25,2021,1,4,2025,0,16,2019,1,2,2024,0,19,2020,1,3,2025,0,7,2024,0,7,2025,3,5,2023,0,16,2022,4,5,2024,2,16,2023,1,5,2021,0,4,2021,0,13,2021,3
